material_type,material_cost_per_kg,quantity,machine_hours,machine_rate_per_hr,labor_hours,labor_rate_per_hr,energy_consumption_kWh,energy_rate_per_kWh,overhead_cost,defect_rate,inventory_time_days,inventory_cost_per_day,total_cost
Copper,4.34,496.12,30.58,59.6,16.68,26.64,447.82,0.16,563.09,4.58,76,11.81,6051
Brass,5.52,426.46,15.12,49.44,14.33,32.35,380.83,0.13,567.66,11.17,26,15.05,4836.58
Plastic,7.66,108.21,7.26,85.53,2.56,29.61,172.68,0.24,712.89,0.71,72,15.89,3429.94
Brass,5.7,465.64,32.76,24.46,16.86,34.21,374.78,0.26,193.93,3.29,70,6.73,4882.03
Brass,6.29,62.6,37.06,12.25,13.58,6.97,84.47,0.31,267.18,10.59,47,10.74,1782.24
Aluminum,8.56,409.64,16.12,50.41,14.09,31.16,73.86,0.15,814.52,11.74,73,12.8,6929.84
Plastic,5.99,193.41,32.42,31.37,7.58,34.78,179.36,0.28,948.23,6.83,119,16.57,5488.58
Plastic,22.63,439.6,20.06,14.47,17.65,15.01,405.77,0.22,153.21,10.47,117,15.47,13597.38
Plastic,3.85,434.69,35.8,75.21,14.64,27.42,130.71,0.31,507.7,5.82,8,19.77,5571.28
Brass,14.06,403.93,10.36,20.04,2.7,16,40.99,0.21,229.89,2.4,85,1.15,6402.62
Copper,11.44,396.07,44.57,64.75,8.45,38.53,74.54,0.21,78.87,5.97,22,9.31,8312.37
Plastic,24.59,155.82,14.73,35.29,17.78,6.17,430.79,0.22,338.99,8.7,70,5.86,5638.45
Titanium,4.58,45.06,18.71,25.61,1.42,25.29,320.55,0.27,160.81,14.22,111,3.28,1362.23
Brass,11.15,204.48,3.38,44.18,19.25,10.83,134.07,0.34,715.73,1.03,72,18.32,4741.6
Aluminum,24.3,90.89,6.02,82.13,13.74,29.93,282.09,0.07,543.05,7.61,26,19.96,4364.12
Copper,21.91,349,26.04,45.29,12.81,11.16,268.51,0.07,160.96,4.93,87,4.43,9911.04
Titanium,20.79,176.32,13.75,77.57,5.78,13.24,331.16,0.33,29.06,7.62,92,1.73,5385.64
Titanium,7.93,487.93,41.86,21.29,5.35,22.3,124.26,0.21,811.99,0.36,80,6.23,6230.2
Aluminum,5.93,322.28,1.23,79.55,18.87,37.02,433.56,0.23,192.67,4.7,83,16.86,4489.13
Copper,17.38,412.13,19.27,31.32,6.32,12.41,161.59,0.19,614.09,12.3,70,6.58,9831.21
Brass,23.38,70.6,17.2,70.97,15.62,10.05,350.12,0.08,350.18,8.31,42,2.08,3631.01
Steel,14.81,431.7,1.46,60.92,8.17,31.56,17.9,0.28,593.78,6.76,103,2,7977.26
Copper,15.15,461.76,6.66,93.62,3.22,22.52,192.6,0.27,329.34,4.28,6,9.12,8427.16
Aluminum,8.44,246.1,20.98,44.86,0.71,36.91,182.34,0.14,105.2,4.47,91,18.7,4969.73
Titanium,19.7,305.1,24.9,15.95,11.11,10.13,276.31,0.14,238.49,5.75,82,6.43,7670.2
Brass,6.3,383.58,20.51,11.72,19.53,27.61,45.64,0.3,204.3,12.53,62,9.12,4282.38
Copper,9.44,91.55,26.78,84.42,7.7,13.15,397.16,0.07,439.46,14.51,83,2.94,4062.94
Steel,11.79,253.77,29.96,57.23,7.47,10.49,116.71,0.31,665.12,6.58,43,10.38,6129.43
Steel,13.68,202.34,0.99,79.77,7.21,28.92,341.75,0.13,278.53,5.9,38,14.23,4082.51
Plastic,7.58,77.46,23.47,31.1,10.65,25.78,403.57,0.23,31.83,12.7,39,6.15,2030.69
Plastic,4.64,186.93,48.19,41.06,9.09,31.42,285.32,0.33,528.56,6.4,6,6.64,3849.71
Aluminum,16.04,38.75,26.19,12.71,17.66,15.83,373.03,0.25,613.64,8.28,69,17,3165.34
Copper,8.64,17.78,34.04,96.53,10.36,20.68,334.31,0.17,963.61,3.46,24,1.2,4708.3
Copper,15.37,71.91,15.94,70.11,10.4,19.19,184.21,0.26,597.68,11.15,104,13.09,4552.56
Titanium,5.55,481.74,38.81,93.99,3.2,39.44,406.34,0.15,481.75,7.98,58,8.48,7695.52
Titanium,13.07,277.02,38.76,33.89,19.66,15.23,154.4,0.13,581.93,12.14,12,6.67,6355.24
Titanium,14.25,483.08,26.3,65.03,5.37,15.32,289.89,0.35,929.34,11.71,102,13.49,11889.33
Plastic,3.19,219.09,48.81,71.06,1.93,17.41,375.24,0.28,831.81,3.23,103,16.86,6896.97
Copper,9.74,159.35,6.71,38.58,13.43,24.76,195.69,0.24,336.52,10.73,85,11.61,3680.34
Copper,5.09,255.54,1.34,86.33,12.11,13.83,158.36,0.16,252.51,12,112,1.59,2195.87
Steel,3.46,222.56,38.62,95.24,8.6,37.04,235.08,0.06,277.38,5.19,80,9.77,5879.82
Plastic,24.77,57.3,40.45,89.64,8.73,14.3,410.8,0.06,514.33,2.59,111,9.79,6832.53
Brass,9.41,322.21,6.45,76.52,15.81,36.35,465.66,0.22,749.17,0.04,85,11.33,5916.12
Plastic,20.63,111.94,13.65,34.97,4.32,8.62,277.09,0.28,513.15,6.76,97,13.75,4904.5
Brass,7.86,311.7,1.37,35.35,16.49,27.98,334.12,0.21,86.44,5.29,61,1.37,3329.56
Steel,17.67,326.85,15.02,96.7,13.15,36.74,452.6,0.3,729.11,8.32,7,10.54,9130.19
Aluminum,19.49,80.25,38.77,10.93,8.67,10.91,58.29,0.06,809.85,2.82,112,12.18,4304.03
Copper,15.7,35.37,26.14,74.44,9.43,38.89,123.72,0.16,303.71,12.89,44,7.52,3593.87
Steel,12.85,391.48,17.73,73.56,5.5,20.85,357.36,0.12,670.84,3.87,17,13.7,7590.72
Copper,11.47,232.6,18.9,66.04,15.17,38.1,413.63,0.18,438.06,3.4,87,5.34,5561.86
Titanium,10.02,33.79,0.57,99.11,10.5,28.69,429.94,0.07,891.34,7.21,59,7.03,2056.93
Aluminum,23.38,497.46,15.34,38.07,6.76,15.56,213.4,0.34,848.32,7.48,117,19.29,16367.57
Aluminum,21.1,33.6,32.5,40.6,12.12,11.59,53.78,0.12,534.92,3.23,59,7.61,3182.19
Steel,24.2,349.04,48.72,17.1,19.92,15.63,224.51,0.33,697.68,4.08,105,7.58,11503.53
Aluminum,4.86,491.92,42.43,49.85,8.99,8.26,123.06,0.18,885.68,2.55,1,12.32,5561.24
Brass,18.81,123.39,1.67,33.49,18.45,10.04,152.69,0.35,505.8,10.78,65,19.45,4635.82
Aluminum,23.58,75.41,44.98,40.9,7.23,8.66,388.41,0.22,326.99,11.55,90,19.68,6069.48
Copper,6.17,65.09,39.27,85.11,1.57,19.8,47.01,0.33,758.59,6.93,13,12.01,4733.03
Copper,3.53,155.12,39.13,94.19,4.48,32.85,415.51,0.05,235.66,10.71,47,1.02,4743.42
Copper,19.05,55.02,23.17,26.72,8.66,9.95,219.56,0.27,400.76,11.04,102,18.11,4176.38
Copper,15.21,347.62,20.2,43.53,4.78,9.56,302.07,0.32,868.41,2.07,116,11.83,8659.1
Brass,21.36,35.83,15.49,93.58,0.5,27.52,53.93,0.09,729.93,14.49,116,7.95,3996.52
Plastic,5.21,257.16,3.75,15.56,18.34,11.9,175.31,0.08,415.73,12.32,55,16.75,3132.47
Titanium,20.29,498.36,11.8,18.31,16.96,8.42,53.95,0.18,230.45,3.07,11,8.6,11115.78
Steel,6.64,407.92,12.71,24.65,14.97,10.84,481.16,0.33,368.85,2.79,95,1.65,3944.12
Copper,5.76,309.53,24.46,63.57,3.77,37.33,405.56,0.21,298.42,1.88,91,16.6,5406.26
Aluminum,5.78,156.6,37.5,23.54,2.85,33.75,235.22,0.21,192.57,2.08,54,11.37,2758.86
Copper,20.74,313.83,23.95,97.13,1.82,17.39,119.57,0.09,748.47,11.22,27,7.42,10556.61
Aluminum,17.3,265.89,3.36,50.2,14.62,27.95,467.39,0.05,267.03,7.04,109,5.77,6420.36
Titanium,14.03,215.91,47.91,55.14,18.61,23.8,178.85,0.29,465.08,11.74,88,12.28,8067.11
Titanium,10.25,69.7,47.16,32.2,8.9,28.7,88.88,0.08,398.14,11.19,3,4.95,2988.45
Titanium,22.18,443.87,39.37,52.39,2.82,28.89,285.95,0.24,982.44,9.07,89,7.15,14569.46
Aluminum,11.03,227.64,49.57,69.57,10.49,27.01,472.45,0.32,403.27,10.3,35,13.09,7514.01
Copper,20.78,101.34,27.45,77.61,7.3,14.31,11.88,0.11,98.38,0.28,49,17.75,5316.04
Titanium,12.1,187.04,48.16,77.85,7.81,6.37,126.68,0.25,108.03,4.68,2,11.12,6330.05
Brass,10.67,209.99,4.24,62.01,12.62,20.94,469.84,0.07,598.94,9.57,0,15.42,3614.03
Aluminum,12.64,414.63,18.6,91.39,14.52,36.18,93.83,0.23,607.38,0.14,16,15.5,8350.41
Aluminum,8.93,368.14,11.66,83.57,2.66,24.93,65.49,0.1,430.38,0.49,70,13.62,5734.67
Copper,19.2,385.81,10.19,78.13,1.19,34.13,289.39,0.27,443.21,12.78,61,5.67,10058.21
Aluminum,13.56,10.46,7.47,15,19.89,39.71,432.3,0.14,72.85,10.26,47,17.47,2012.73
Aluminum,7.34,211,31.31,10.62,5.04,10.73,243.78,0.19,526.22,3.98,61,9.29,3136.2
Titanium,22.69,243.27,39.18,29.12,1.55,29.21,497.34,0.23,514.64,10.32,68,1.84,8029.78
Copper,10.83,14.5,29.13,69.72,4.2,28.6,342.79,0.1,166.56,11.89,18,5.65,2629.31
Titanium,14.5,133.61,7.77,47.01,1.26,39.3,46.3,0.27,121.76,4.6,102,15.55,4161.61
Titanium,22.85,381.34,40.65,46.22,8.14,39.5,496.49,0.14,141.1,0.54,109,2.31,11423.44
Copper,16.36,72.87,31.98,89.61,16.15,29.03,209.87,0.25,119.01,13.99,33,3.8,4990.38
Steel,4.69,269.98,19.71,90.6,7.15,13.53,150.83,0.1,617.51,5.18,98,14.19,5237.47
Titanium,23.62,111.52,33.87,91.83,9.16,32.95,283.36,0.26,212.55,1.6,48,17.96,7236.66
Brass,16.44,11,13.37,38.25,13.67,8.75,159.11,0.09,266.4,7.38,79,13.04,2136.08
Brass,9.7,124.39,17.59,72.2,10.42,32.32,52.36,0.18,190.1,11.53,103,5.22,3689.66
Aluminum,5.2,488.06,45.92,34.45,17.3,36.86,10.7,0.12,958.68,3.32,113,2.01,6028.89
Brass,20.26,401.76,14.88,27.15,17.39,18.4,230.3,0.27,857.53,4.04,46,12.69,10695.92
Aluminum,16.26,479.99,23.76,26.62,0.69,27.07,420.06,0.13,245.88,3.64,102,1.9,9234.18
Steel,14.27,246.49,44.56,40.79,15.67,20.05,290.43,0.31,341.01,14.88,90,12.64,7741.23
Copper,22.56,59.32,35.53,48.7,9.48,20.32,499.61,0.32,225.69,2.96,104,5.29,4236.54
Copper,20.14,276.24,3.58,84.79,19.78,15.86,150.55,0.11,502.04,8.63,101,18.19,9016.65
Copper,5.49,229.92,7.79,20.79,9.92,31.67,147.42,0.23,39.22,13.88,113,10.03,3120.1
Brass,9.17,422.96,0.89,76.14,19.74,37.77,88.28,0.08,677.94,2.2,49,5.25,5719.47
Steel,7.72,53.55,31.73,57.83,15.21,37.93,90.39,0.17,532.69,14.56,88,17.21,4948
Brass,19.11,246.68,22.66,35.92,5.35,11.12,149.74,0.26,900.67,14.21,25,5.83,7342.71
Brass,2.77,79.27,7.15,54.35,11,35.62,398.49,0.25,181.1,13.27,55,6.83,1685.51
Steel,15.11,165.71,47.92,36.99,19.85,30.81,453.82,0.24,808.03,3.22,77,16.85,7183.04
Steel,19.54,369.99,26.72,63.65,17.22,13.85,487.79,0.13,796.12,9.51,13,6.87,10805.21
Steel,22.17,240.63,12.47,49.05,2.4,7.35,123.82,0.16,144.64,11.41,77,8.79,7414.04
Steel,9.87,191.06,25.28,24.8,14.27,14.38,441.84,0.08,410.59,14.79,24,7.61,3625.39
Copper,20.89,200.27,34.14,20.49,7.24,36.93,170.84,0.27,186.75,2.71,99,3.21,5814.59
Plastic,4.54,232.43,4.27,59.2,0.64,27.16,65.29,0.2,269.63,11.49,3,1.74,1734.55
Plastic,21.47,393.58,14.1,91.22,8.37,30.24,436.31,0.26,277.98,5.08,110,14.77,12434.86
Steel,4.93,446.58,40.44,40.96,5.08,14,321.69,0.12,565.11,2.63,78,13.26,5625.08
Plastic,11.14,477.89,23.25,75.97,16.47,30.18,90.72,0.15,423.18,6.32,31,6.36,8557.47
Plastic,20.34,394.52,27.56,69.28,7.08,5.98,220.62,0.15,948.78,11.91,81,6.62,12450.05
Steel,5.45,161.13,21.92,93.84,16.64,18.14,150.76,0.06,143.84,6.97,77,18.96,4910.99
Plastic,7.27,345.63,2.67,83.89,0.51,26.94,371.03,0.15,974.22,8.06,64,19.77,5248.14
Brass,18.61,221.61,8.7,60.99,6.5,10.11,232.17,0.29,246.03,14.93,105,10,6699.59
Aluminum,18.56,131.06,22.55,69.13,5.2,33.81,494.75,0.32,777.42,5.99,60,16.25,6223.61
Aluminum,16.75,421.23,10.85,90.85,5.05,13.23,36.83,0.21,352.19,9.23,19,15,9404.29
Steel,17.96,24.02,2.97,45.96,1.83,27.83,183.96,0.19,160.22,5.48,73,6.65,1323.09
Copper,14.48,451.37,42.26,39.41,4.15,19.18,246.13,0.06,860.73,5.89,9,2.11,9560.35
Steel,7.79,233.43,49.07,10.97,11.33,25.86,256.54,0.31,322.68,10.43,87,3.71,3564.35
Copper,9.95,320.41,39.76,84.39,6.18,8.76,164.81,0.05,665.68,14.07,33,16.93,8278.74
Aluminum,6.18,331.38,42.76,82.09,8.64,5.59,367.33,0.33,575.11,8.14,60,14.89,7362.82
Steel,22.89,448.08,12.48,19.4,7.85,36.83,438.63,0.2,482.32,11.53,91,13.62,13779.83
Titanium,15.42,320.15,48.05,61.92,17.58,14.44,469.97,0.15,505.9,1.34,26,3.48,8898.85
Brass,11.22,308.9,10.25,51.76,18.15,33.69,404.5,0.33,737.59,3.17,39,13.16,6102.05
Plastic,12.63,37.99,47.6,20.68,10.11,39.98,426.78,0.06,106.02,7.53,64,15.67,3039.02
Copper,23.79,261.61,49.74,98.25,6.94,12.4,279.77,0.22,674.82,0.3,32,17.35,12506.95
Titanium,5.53,79.33,35.73,29.32,2.58,14.28,414.69,0.21,897.9,3.79,67,1.25,2608.5
Plastic,15.48,370.03,49.07,16.05,19.09,28.2,158.72,0.12,76.63,7.76,70,14.01,8574.85
Plastic,13.64,258.55,28.69,63.54,1.67,38.79,205.25,0.18,157.84,0.22,8,1.36,5627.79
Steel,16.06,341.71,13.35,76.5,6.3,37.05,165.29,0.25,722.3,3.97,15,14.43,7940.49
Plastic,2.42,25.63,22.13,12.92,6.31,22.6,239.02,0.27,448.54,7.71,4,13.08,1060.73
Brass,22.06,46.97,29.88,69.28,6.75,32.83,149.93,0.05,415.48,8.6,97,3.82,4210.47
Titanium,23.44,359.58,4.12,57.91,3.7,9.75,481.19,0.33,154.23,13.89,22,15.56,10529.29
Plastic,15,40.68,31.31,19.29,15.77,39.21,163.29,0.1,516.63,9.68,42,2.3,2521.14
Steel,18.02,40.27,49.07,25.53,2.89,38.75,58.04,0.12,144.01,6.22,113,16.7,4173.62
Brass,23.22,10.99,9.91,61.12,12.88,10.73,268.14,0.13,487.09,13.96,88,5.98,2082.9
Aluminum,18.27,478.47,39.73,36.67,2.91,15.48,37.98,0.06,768.34,11.77,56,14.09,12832.14
Titanium,5.51,370.07,45.44,94.45,1.88,8.51,64.17,0.09,273.1,3,50,18.55,7614.44
Plastic,15.25,179.86,47.21,83.69,18.23,14.51,117.5,0.35,491.17,1.96,12,7.46,7633.96
Steel,15.95,151.79,48.03,98.52,4.21,33.56,237.53,0.14,992.18,10.14,23,10.55,8807.83
Aluminum,11.76,178.1,26.31,33.37,16.51,18.24,222.29,0.08,692.92,8.4,10,9.8,4258.2
Aluminum,18.94,388.45,48.88,97.28,11.12,8.09,401.85,0.08,844.53,11.85,51,3.99,14154.25
Copper,23.49,332.38,37.99,48.81,2.02,16.98,372.34,0.27,426.55,11.08,114,12.22,12481.44
Brass,23.29,96.67,8.5,41.28,19.13,39.35,218.9,0.31,772.5,9.38,16,15.12,4648.55
Plastic,12.37,91.18,24.11,14.53,5.32,27.04,173.52,0.13,59.7,14.8,36,18.42,2534.37
Steel,4.6,53.71,36.06,14.75,17.26,19.57,165.07,0.06,140.45,8,12,17.17,1492.89
Copper,24.65,331.85,12.74,72.28,3.79,10.83,389.26,0.12,219.01,1.7,61,10.69,10198.87
Brass,21.29,383.36,32.21,51.21,17.15,39.52,35.52,0.07,413.91,12.42,90,14.66,13238.46
Copper,4.87,136.2,33.5,30.39,0.76,33.73,16.28,0.08,848.83,3.78,83,16.21,3927.63
Titanium,23.18,15.37,8.55,65.26,10.48,14.85,399.82,0.18,359.34,11.66,96,10.38,2539.21
Brass,22.01,45.67,28.47,32.76,15.5,7.45,243.8,0.12,661.53,14.36,105,3.19,3223.43
Brass,13.93,484.09,38.7,61.99,18.73,6.98,74.13,0.2,715.13,10.45,95,9.32,11593.16
Plastic,15.6,151.25,25.2,42.33,18.23,9.21,125.43,0.13,594.46,8.94,7,17.01,4534.89
Brass,11.18,385.77,1.1,84.12,16.48,25.33,466.93,0.33,370.1,6.91,55,12.34,6323.79
Copper,3.26,314.21,0.95,83.86,17.82,37.51,431.16,0.32,585.51,5.47,92,14.76,3909.85
Brass,9.71,194.06,18.17,52.96,4.38,22.39,357.79,0.22,355.42,5.3,103,4.52,3944.24
Plastic,20.47,106.82,46.35,41.57,6.04,34.5,246.29,0.16,102.2,9.55,82,19.32,6256.42
Plastic,2.11,65.09,11.82,42.63,6.13,20.61,264.96,0.16,992.95,11.27,69,8.68,2417.31
Titanium,9.67,309.43,31.9,82.51,7.85,29.8,487.87,0.17,144.64,10.18,43,13.42,6967.43
Copper,11.16,388.44,11.49,39.54,8.17,30.62,483.23,0.27,90.9,2.98,59,1.36,5470.27
Aluminum,14.36,323.73,16.42,28.82,11.12,11.09,115.48,0.19,880.96,7.41,102,3.42,6841.52
Aluminum,23.16,267.5,42.48,17.62,3.62,17.64,407.44,0.31,315.8,11.87,111,15.86,9945.6
Brass,9.97,25.77,36.58,52,13.98,27.31,106.65,0.33,657.29,7.14,40,19.39,4027.31
Titanium,9.98,484.4,5.22,53.39,3.77,7.47,114.63,0.15,342.43,8.05,20,7.08,6031.56
Steel,18.96,400.36,21.72,85.68,6.55,17.65,341.29,0.22,403.63,11.57,85,1.71,11069.73
Brass,12.4,149.95,1.94,29.91,10.32,23.72,208.45,0.08,276.87,9.92,41,7.86,2962.45
Titanium,7.17,490.09,24.3,44.29,16.03,39.87,466.46,0.11,356.18,6.14,73,1.33,5949.65
Copper,12.41,302.93,33.29,82.76,14.92,21.61,53.61,0.17,422.49,13.43,73,4.66,8113.53
Copper,5.24,293.3,6.37,84.13,13.09,33.56,260.65,0.11,726.01,2.44,115,15.3,5063.78
Copper,6.06,375.3,14.8,44.61,3.54,20.12,460.08,0.31,521.31,14.93,28,18.8,4535.66
Copper,13.46,406.83,20.19,51.32,11.17,32.87,453.02,0.1,944.69,1.78,79,2.66,8176.84
Copper,11.64,329.96,46.02,37.3,2.21,25.84,86.7,0.19,61.04,0.22,64,11.6,6442.75
Titanium,23.04,68.41,49.67,93.93,7.86,36.03,189.65,0.23,513.01,13.35,16,5.82,7385.03
Titanium,10.34,172.44,2.72,20.68,8.56,19.38,313.37,0.26,592.54,3.67,29,3.64,2850.19
Plastic,15.35,464.4,38.17,94.04,1.28,26.15,88.1,0.16,921.79,10.95,25,5.16,12596.98
Aluminum,16.54,116.18,18.9,71.55,5.84,27.05,484.33,0.31,68.18,12.17,52,11.98,4507.03
Copper,2.3,189.22,19.93,57.84,19.14,19.61,458.23,0.22,582.03,12.88,109,2.24,2946.35
Steel,17.26,218.88,37.84,12.94,19.1,10.05,91.81,0.18,856.56,14.87,18,9.25,6060.83
Titanium,6.09,222.51,45.96,52.8,7.37,8.27,69.37,0.07,257.09,4.41,52,3.57,4350.07
Steel,24.1,308.41,47.57,46.7,1.34,5.58,51.85,0.19,878.77,10.65,84,6.18,11861
Steel,5.42,471.82,29.07,24.51,3.99,35.57,455.63,0.3,38.66,1.73,16,4.62,3705.2
Steel,11.54,124.14,18.18,69.08,8.15,13.28,104.88,0.23,737.81,6.1,45,17.78,4446.1
Plastic,3.96,65.14,39.48,97.4,18.98,12.4,213.98,0.3,934.45,12.72,103,14.45,6858.46
Titanium,24.93,102.75,12.92,60.6,3.25,30.76,229.94,0.2,664.05,5.51,84,17.5,5765.66
Steel,13.55,444.03,28.42,74.33,15.39,16.2,303.52,0.09,450.25,8.87,52,8.29,9820.7
Copper,15.69,324.68,18.25,16.16,2.62,22.71,45.15,0.05,63.98,7.56,104,6.95,6622.81
Brass,3.54,146.52,33,47.59,19.63,10.69,121.11,0.14,921.71,9.69,103,8.23,4135.61
Steel,19.25,408.89,12.4,20.47,7.94,38.59,466.43,0.26,480.89,14.59,63,1.35,10266.98
Plastic,6.83,431.38,9.98,65.15,15.62,34.81,455.12,0.29,48.42,0.84,44,14.77,4995.29
Titanium,22.66,424.02,45.95,94.46,7.18,35.23,392.83,0.14,696.02,8.61,48,7.65,16147.17
Plastic,6.72,459.87,5.54,69.56,12.74,19.24,19.51,0.2,492.2,12.95,18,6.95,4742.21
Steel,6.39,129.86,25.54,16.91,4.24,31.68,170.23,0.18,141.86,7.22,70,12.36,2493.62
Titanium,2.84,378.75,11.43,41.92,3.35,10.04,317.7,0.17,229.99,1.18,80,9.29,2628.32
Brass,12.86,232.97,2.43,59.56,18.79,5.3,144.84,0.12,83.2,8.41,64,19.64,4849.82
Steel,14.99,421.79,2.28,46.29,18.39,5.7,455.7,0.09,582.81,4.98,36,7.77,7751.41
Plastic,3.51,365.6,9.17,85.03,17.81,25.53,320.61,0.11,629.59,2.32,69,12.66,4085.84
Aluminum,19.84,389.34,43.41,83.32,12.7,20.94,45.23,0.07,515.63,12.74,25,6.92,13283.26
Copper,12.43,329.8,14.48,65.06,16.26,23.13,455.41,0.11,820.76,7.82,1,19.82,6628.83
Plastic,14.06,92.83,47.55,43.61,1.85,5.26,479.31,0.05,863.79,14,58,9.46,5007.74
Titanium,12.14,274.79,29.29,32.98,7.03,19.79,48.08,0.24,623.31,12.09,95,13.05,6718.97
Steel,11.22,492.41,22.11,19.53,6.62,30.13,270.86,0.14,32.5,10.39,111,3.41,7179.07
Copper,14.87,469.01,29.21,41.94,12.9,20.49,158.65,0.34,701.33,0.08,117,14.93,10971.23
Steel,5.57,26.37,26.08,47.19,7.44,30.63,202.49,0.11,429.64,6.42,4,6.11,2091.27
Titanium,6.18,86.58,38.06,70.82,3.4,13.16,98.03,0.15,574.25,2.96,36,9.52,4222.73
Steel,21.82,70.21,14.48,69.23,12.13,33.46,293.26,0.16,656.1,13.66,30,17.78,4385.99
Aluminum,23.76,364.36,17.98,16.31,16.38,25.6,479.41,0.05,363.23,2.62,75,19.44,11441.79
Copper,10.59,409.8,44.76,45.57,7.95,12.38,256.51,0.3,918.76,4.29,98,9.07,8548.67
Copper,8.23,110.69,47.35,26.36,3.08,13.29,50.63,0.06,151.3,7.75,93,16.86,3992.98
Titanium,16.81,255.4,44.68,24.11,4.34,26.98,313.8,0.33,678.08,3.95,47,2.01,6533.29
Aluminum,11.4,421.15,21.26,84.46,5.13,34.05,176.71,0.32,24.27,3.15,5,17.1,7088.96
Plastic,2.58,367.74,39.13,13.77,6.35,19.55,429.4,0.21,926.16,8.99,14,12.96,2894.8
Steel,5.59,273.41,24.08,47.73,13.03,14.04,222.99,0.21,130.25,1.33,14,10.29,3202.11
Brass,18.47,297.22,25.13,25.14,12.22,35.35,104.49,0.25,112.99,0.87,60,17.91,7814.87
Steel,17.16,256.64,10.63,89.14,14.07,28.42,103.64,0.17,346.35,5.58,15,17.06,6616.98
Steel,2.62,152.29,29.76,60.13,7.57,20.68,386.69,0.24,386.09,10.81,19,6.64,2993.2
Plastic,7.11,284.69,9.71,30.82,16.57,22.08,140.14,0.06,230.01,8.32,76,16.04,4315.14
Steel,7.31,346,16.91,55.22,4.48,12.15,385.94,0.07,593.42,6.34,43,2.89,4422.52
Aluminum,17.45,437.29,42.82,75.83,9.65,26.94,110.88,0.19,454.06,8.49,41,16.63,12942.53
Aluminum,2.45,319.96,10.75,96.23,16.12,17.56,167.63,0.21,53.49,5.48,45,13.83,2855.44
Copper,4.39,381.76,4.02,29.84,4.01,39.85,238.09,0.32,333.26,14.04,94,2.67,2851.41
Titanium,20.4,84.24,3.92,89.76,2.64,21.81,472.17,0.08,814.22,0.82,33,13.98,3455.36
Brass,6.11,233.47,47.07,94.09,17.73,22.01,466.55,0.3,695.91,10.1,63,12.03,7983.4
Steel,17.01,9.62,25.59,92.48,7.19,24.8,111.37,0.11,730.37,13.37,28,12.3,3817.41
Steel,7.48,127.11,20.77,67.19,13.84,37.09,185.53,0.17,704.15,12.06,2,6.53,3723.06
Plastic,4.29,364.6,40.64,66.68,0.99,33.03,83.21,0.14,324.75,2.76,8,6.06,4734.76
Titanium,7.59,495.95,41.87,46.29,13.96,20.79,259.89,0.17,117.67,4.44,74,15.49,7467.9
Aluminum,18.61,54.09,16.94,77.72,6.66,30.15,235.69,0.1,287.02,10.76,74,5.88,3378.01
Brass,21.68,203.74,34.83,57.82,1.59,25.52,451.37,0.2,835.15,1.26,24,9.48,7680.13
Copper,21.1,401.04,38.67,70.97,12.39,22.23,465.7,0.29,980.86,12.18,85,14.2,14835.36
Aluminum,11.14,106,32.91,48.56,5.2,11.73,197.95,0.18,503.97,10.78,41,2.51,3609.75
Titanium,17.37,279.77,8,75.83,8.04,21.24,250.95,0.2,29.51,10.94,45,12.3,6801.86
Copper,6.71,367.87,43.86,84.2,2.07,13.6,449.16,0.3,157.24,1.5,72,12.2,7396.99
Plastic,8.74,309.91,27.19,23.18,3.37,37.02,405.29,0.26,335.64,10.77,83,14,5358.37
Plastic,22.62,98.07,14.48,84.96,6.31,16.74,11.79,0.2,587.01,10.2,58,8.03,4835.57
Steel,2.3,180.92,21.55,58.63,2.25,38.33,166.83,0.13,93.59,12.46,20,9.53,2123.56
Titanium,3.97,392.98,2.36,86.02,18.26,23.66,216.67,0.32,944.49,0.62,73,7.27,3749.38
Brass,6.78,279.34,6.83,48.82,0.62,27.1,122.56,0.22,377.78,0.35,21,16.36,2999.1
Copper,2.61,7.59,38.39,44.11,9.94,24,107.79,0.12,914.33,5.6,28,3.48,2977.57
Aluminum,6.17,381.69,0.5,92.36,2.9,9.53,28.51,0.13,784.91,2.23,62,19.3,4466.58
Titanium,15.41,22.48,21.12,32.61,6.5,18.15,325.25,0.29,760.33,8.38,72,13.06,2977.12
Titanium,11.69,374.14,26.36,85.98,18.56,8.47,138.63,0.06,614.59,13.76,60,17.85,9093.06
Plastic,22.53,105.23,3.2,53.56,3.65,26.8,35.65,0.35,634.25,5.87,63,9.1,3999.24
Steel,20.8,479.25,48.67,56.27,19.33,20.64,123.18,0.09,645.24,12.67,68,7.31,15522.43
Steel,9.86,187.13,11.69,37.76,4.51,32.23,402.94,0.29,636.15,0,39,18.11,3891.17
Copper,7.97,166.83,15.56,61.57,14.96,12.72,427.23,0.17,562.65,2.53,74,2.88,3359.99
Plastic,10.73,78.7,15.55,39.27,11.16,10.76,246.7,0.2,986.69,0.46,0,3.23,2615.1
Titanium,15.58,156.27,11.91,13.53,17.75,19.22,213.87,0.31,737.64,4.92,116,6.69,4636.75
Brass,8.17,438.94,0.57,34.48,11.3,37.43,489.15,0.17,781.41,13.62,105,19.24,7401.95
Plastic,16.36,498.19,36.6,10.57,10.92,29.86,108.28,0.21,875.01,1.45,64,13.03,10713.17
Copper,11.42,187.31,48.36,98.05,4.31,19.66,115.53,0.06,231.33,9.1,61,11.53,8101.76
Copper,14.7,227.06,11.6,96.92,3.74,23.1,153.01,0.05,102.13,6.77,53,14.4,5647.4
Plastic,12.03,362.43,33.32,45.56,18.37,7.95,94.65,0.12,493.24,14.08,102,8.93,8053.48
Copper,8.77,443.67,37.22,75.55,6.89,39.46,195.89,0.25,523.8,1.84,59,15.4,8527.8
Plastic,23.81,298.56,42.5,41.12,7.76,28.32,456.31,0.09,832.6,3.18,45,8.47,10556.95
Aluminum,19.56,198.81,21.42,70.4,15.32,14.99,311.52,0.08,454.91,0.44,4,16.7,6190.08
Plastic,5.22,209.25,15.5,82.49,7.11,25.5,211.85,0.17,579.44,6.51,112,6.08,3919.71
Plastic,21.97,349.33,16.6,95.21,19.07,8.83,467.86,0.24,536.53,4.17,21,6.27,10524.18
Copper,13.21,6.59,35.77,46.02,14.89,38.8,33.75,0.26,57.44,13.05,89,10.93,3361.27
Copper,22.57,311.7,40.93,80.5,12.15,11.12,113.04,0.1,622.91,9.07,52,9.18,12214.7
Steel,20.4,180.97,9.49,33.93,17.68,27.68,287.29,0.07,831.48,9.21,69,13.31,6613.16
Steel,11.78,398.13,18.86,99.13,1.47,13.59,311.62,0.33,174.35,7.98,31,7.92,7476.5
Aluminum,2.52,51.03,45.15,12.32,5.51,30.11,29.38,0.13,602.45,1.38,111,5.38,2055.97
Steel,8.18,296.16,40.43,64.32,9.57,32.19,207.49,0.31,601.74,6.68,10,9.93,6258.3
Plastic,14.46,243.08,49.25,69.36,4.93,28.57,328.09,0.31,180.9,14.99,9,11.66,7986.2
Copper,16.57,322.95,37.84,71.92,15.01,26.51,352.05,0.28,140.99,12.53,110,3.71,9788.83
Steel,7.93,37.1,19.96,20.83,18.42,36.24,322.69,0.1,980.45,13.4,38,11.58,2869.69
Steel,5.21,292.09,29.74,94.47,8.76,7.75,167.08,0.3,405.84,12.35,118,7.07,5877.38
Aluminum,21.2,282.93,33.22,26.31,7.17,16.58,55.82,0.28,242.87,1.55,97,8.46,8163.1
Titanium,24.64,282.53,4.38,66.05,19.25,13.69,219.29,0.23,187.9,3.41,30,6.31,8179.4
Aluminum,14.09,303.73,27.45,30.04,9.17,39.58,73.09,0.15,674.25,0.05,11,18.7,6360.16
Plastic,5.95,339.85,35.61,37.65,10.04,18.63,474.34,0.13,617.26,4.55,114,13.98,5914.52
Copper,8.26,403.47,8.78,59.18,7.36,30.64,242.83,0.09,650.68,1.63,107,5.99,5445.56
Aluminum,2.42,138.56,39.14,47.55,18.24,28.97,165.46,0.2,106.25,7.09,79,13.26,3935.49
Steel,23.03,413.4,29.4,24.42,11.59,12.42,385.49,0.23,895.66,10.16,37,17.12,12967.55
Copper,4.71,251.64,47.63,25.38,15.36,13.36,253.99,0.16,401.48,13.12,66,8.63,3766.48
Copper,15.26,43.14,2.6,47.63,16.33,14.84,161.92,0.19,327.1,11.24,65,16.77,2546.4
Steel,8.3,33.98,13.63,78.16,7.17,19.39,407.86,0.16,473.11,14.08,51,3.93,2264.89
Aluminum,14.75,170.45,30.28,90.82,8.96,13.2,434.9,0.24,402.26,0.81,4,16.63,5975.96
Steel,16.98,393.52,15.18,17.57,17.05,5.69,339.77,0.32,866.31,0.18,10,11.27,8145.46
Titanium,21.08,355.3,35.86,45.38,7.58,35.78,33.01,0.1,930.68,9.92,24,5.24,11190.98
Copper,6.75,395.36,38.07,19.02,15.98,38.8,287.5,0.16,317.38,4.34,34,8.74,4789.16
Brass,2.25,261.05,5.57,11.49,18.85,16.95,384.01,0.09,866.66,3.8,34,19.77,2566.59
Brass,5.15,222.9,25.94,69.55,12.65,16.85,76.89,0.24,785.89,4.96,21,15.89,4360.19
Plastic,22.7,77.99,25.69,64.22,14.96,5.25,122.05,0.27,932.19,4.05,36,11.93,4965.05
Steel,22.1,167.46,18.78,24.67,16.2,28.81,442.42,0.33,260.84,7.67,85,3.19,5592.74
Steel,15.74,219.84,46.68,31.04,16.98,33.89,19.86,0.13,585.42,6.6,54,8.94,6783.82
Plastic,15.81,48.86,41.46,12.13,8.2,10.13,378.84,0.34,289.05,7.69,74,6,2279.71
Plastic,17.3,114.2,35.01,85.15,1.5,10.59,242.15,0.07,827.61,10.09,95,2.35,6239.8
Plastic,6.03,301.12,35.86,97.72,8.34,32.65,228.92,0.23,25.22,5.81,98,11.3,6883.06
Copper,23.03,369.15,23.35,22.19,13.64,26.57,13.48,0.07,573.52,3.77,94,17.89,11958.71
Titanium,11.63,499.18,46.09,30.83,9.28,6.57,411.51,0.32,352.42,2.49,108,13.84,9410.77
Steel,10.81,466.89,34.88,88.16,15.1,26.79,186.31,0.21,336.23,5.24,116,5.74,9832.29
Copper,13.94,323.07,36.58,93.38,7.46,15.81,274.98,0.25,652.01,11.13,71,11.9,10104.28
Plastic,3.08,213.52,43.15,47.77,12.88,17.91,341.88,0.3,854.45,11.35,63,18.92,5173.21
Steel,5.82,319.91,14.07,14.56,4.14,31.94,354.29,0.1,617.01,10,19,14.74,3317.65
Copper,18.97,393.9,40.45,13.55,15.11,33.38,478.43,0.06,856.11,3.51,105,14.1,11152.35
Titanium,3.9,63.58,10.16,61.66,11.14,19.01,270.36,0.31,279.31,8.82,97,19.4,3352.99
Copper,15.87,207.9,17.59,45.36,4.48,38.15,205.86,0.14,529.11,8.56,3,16.18,5157.06
Titanium,7.64,420.7,17.11,12.58,6.19,19.23,477.31,0.09,461.53,7.26,17,3.6,4347.46
Plastic,10.95,195,48.94,62.49,15.1,32.01,324.63,0.19,31.41,8.25,50,7.61,6326.61
Titanium,8.64,288.08,42.9,11.02,9.91,21.94,156.09,0.23,565.68,7.38,67,19.34,5260.24
Steel,10.18,295.95,35.21,80.86,4.71,36.41,71.97,0.06,668.29,8.48,19,10.3,7155.13
Plastic,18.54,96.32,36.49,37.58,19.36,36.77,422.85,0.13,600.08,10.73,8,3.12,4740.56
Steel,8.83,184.31,28.32,13.62,14.44,8.06,187.47,0.06,741.55,1.64,79,9.71,3676.14
Brass,15.03,170.58,47.38,62.95,19.16,37.78,333.63,0.18,579.91,11.24,25,14.24,7554.39
Aluminum,12.95,17.97,25.06,45.79,8.83,33.89,240.7,0.32,85.42,2.04,101,19.95,3861.6
Titanium,17.26,16.97,19.34,97.64,9.76,32.7,107.48,0.34,134.12,1,24,7.15,2845.6
Aluminum,23.55,416.69,8.57,58.98,18.01,12.03,304.83,0.24,604.55,14.64,67,10.77,13371.1
Aluminum,18.85,140.17,39.42,34.77,10.74,33.18,39.73,0.1,289.48,14.35,40,17.71,5750.2
Titanium,6.94,261.45,36.85,73.85,14.29,34.75,212.54,0.32,98.05,0.91,58,7.75,5664.49
Plastic,2.72,152.87,19.53,34.43,5.42,15.12,277.84,0.2,441.01,6.65,44,3.08,1829.92
Brass,8.03,470.64,1.75,91.38,9.21,38.33,223.66,0.1,563.24,2.79,40,19.03,5744.42
Steel,15.69,133.35,42.03,43.72,2.91,6.75,376.85,0.33,342.17,7.28,37,10.28,4948.66
Copper,3.18,217.68,1.07,59.49,4.52,10.25,415.68,0.28,726.03,12.45,116,10.55,2954.61
Steel,13.42,437,35.33,14.55,0.52,23.82,387.91,0.27,650.9,14.26,18,12.8,8213.3
Copper,15.73,421.76,48.53,48.35,1.27,25.15,29.02,0.26,346.16,9.51,13,1.07,10011.19
Steel,9.69,97.12,22.16,84.91,19.56,27.58,105.12,0.11,759.78,5.31,20,18.69,4557.28
Titanium,19.73,402.31,12.13,82.51,5.23,5.59,272.94,0.11,655.72,9.05,14,7.87,10481.93
Brass,4.45,231.8,35.39,30.19,13.43,38.61,468.06,0.26,644.7,4.68,2,8.54,3450.22
Copper,3.73,244.07,40.95,30.35,16.86,6.56,419.13,0.12,562.36,13.65,36,4.31,3155.9
Plastic,18.75,71.07,27.55,83.56,11.24,10.01,422.84,0.18,31.16,13.06,116,8.18,4977.34
Steel,13.4,44.9,48.37,93.74,3.49,5.49,158.57,0.28,702.58,8.37,113,16.27,7790.87
Steel,17.83,365.33,3.06,18.58,14.7,24.84,220.43,0.29,388.52,4.87,45,16.2,8434.51
Copper,12,250.75,25.49,50.51,12.2,37.63,240.65,0.19,943.76,4.4,15,18.78,6159.17
Plastic,7.67,221.24,36.06,40.37,14.76,28.31,87.11,0.29,821.63,0.5,13,8.66,4538.47
Plastic,20.84,366.11,43.2,88.36,15.51,33.79,25.22,0.3,595.94,12.24,8,14.47,13624.11
Titanium,20.39,383.93,9.37,17.52,19.52,5.46,473.98,0.25,267.14,6.76,110,10.64,10184.3
Titanium,17.98,83.66,40.1,29,11.68,23.97,127.95,0.12,219.64,4.88,6,16.28,3353.16
Titanium,8.26,307.06,27.86,77.72,7.16,21.08,127.57,0.13,353.58,7.07,13,14.54,5591.03
Titanium,15.58,72,20.13,14.62,13.15,22.46,50.86,0.14,487.04,12.28,5,7.99,2383.27
Titanium,10.3,376.93,7.02,54.33,1.83,7.53,464.97,0.09,310.14,1.87,84,7.4,5323.74
Titanium,4.11,330.19,43.33,49.79,18,28.96,294.07,0.13,524.63,12.86,14,5.8,4854.34
Brass,23.1,478.52,8.29,40.1,2.83,22.61,336.85,0.11,182.06,13.46,51,11.95,13766.63
Plastic,5.15,39.13,15.83,45.51,6.89,31.78,456.67,0.19,978.16,14.2,71,19.31,3605.46
Titanium,23.86,33.24,14.86,57.69,16.41,21.99,179.35,0.32,125.77,5.96,33,4.8,2400.07
Plastic,12.26,144.68,43.63,24.52,12.15,10.23,314.54,0.08,933.31,3.26,103,2.81,4273.61
Plastic,6.26,134.54,33.8,61.48,8.18,27.69,29.01,0.27,915.31,5.6,0,3.27,4117.06
Aluminum,14.46,127.25,39.94,82.49,9.73,11.03,101.52,0.26,534.85,4.99,95,15.88,7403.67
Brass,22.08,453.6,12.9,78.41,17.16,35.53,417.31,0.08,730.41,2.64,112,7.65,13521.68
Titanium,18.84,128.53,31.43,23.85,7.13,26.46,385.72,0.33,447.33,9.11,114,5.26,4754.63
Steel,20.55,139.62,28.8,23.43,17.46,10.5,181.81,0.22,637.43,7.15,68,7.7,5133.48
Copper,17.15,380.9,41.73,34.14,2.22,38.68,194.64,0.16,353.76,12.99,93,13.26,10509.61
Steel,17.92,227.62,45.35,42.5,15.65,23.14,271.44,0.28,315.14,0.48,85,11.39,7747.34
Brass,21.53,389.47,1.1,46.76,17.03,7.55,10.12,0.13,586.67,9.66,19,15.13,10250.78
Copper,7.74,37.36,33.86,71.17,4.05,26.94,128.21,0.26,508.17,11.44,79,7.44,3970.43
Brass,13.26,246.35,3.07,15.1,8.89,13.86,112.03,0.06,587.95,11.39,6,9.59,4460.45
Plastic,7.09,21.64,27.67,13.12,3.73,33.13,132.74,0.3,300.93,13.29,6,2.94,1018.82
Copper,24.72,36.01,14.74,45.27,14.28,33.62,404.89,0.18,379.62,10.94,49,2.39,2704.54
Plastic,23.71,453.69,15.69,72.74,10.94,39.26,147.04,0.24,102.22,13.92,113,9.78,15067.81
Steel,2.91,73.93,17.97,27.41,12.89,22.57,103.85,0.12,71.23,4.99,1,6.73,1099.78
Steel,18.23,268.55,31.25,67.74,4.33,20.92,257.09,0.25,268.39,7.55,46,12.64,8386.85
Copper,23.28,208.49,17.04,33.38,4.63,31.37,434.17,0.28,92.76,0.21,13,1.82,5815.87
Copper,6.15,176.93,36.77,89.75,1.31,9.64,128.26,0.19,121.7,0.1,30,3.31,4647.31
Titanium,15.06,450.42,20.52,90.61,6.78,24.14,48.48,0.24,816.67,3.6,49,17.44,10733.38
Brass,23.06,15.8,3.88,36.76,11.42,24.12,184.64,0.19,58.1,1.51,60,11.76,1586.71
Titanium,2.78,333.58,39.3,30.7,17.23,8.13,376.35,0.32,665.76,3.9,40,14.53,3677.5
Brass,18.04,481.88,14.65,47.02,13.51,19.63,279.84,0.2,287.11,2.66,13,17,10442.47
Titanium,8.84,282.28,21.92,31.65,8.99,34.86,410.23,0.3,874.11,0.43,4,9.81,4549.66
Plastic,23.26,468.73,34.43,70.51,19.09,34.97,480.2,0.29,495.29,13.64,74,15.46,17263.61
Copper,24.33,30.87,16.96,84.35,14.53,8.47,398.4,0.17,319.46,0.12,103,10.97,3822.71
Steel,23.72,212.3,3.3,70.58,18.64,8.18,305.86,0.12,527.29,11.04,4,5.23,6562.01
Brass,12.91,133.78,19.01,84.19,10.79,14.19,251.74,0.17,394.32,2.28,63,7.42,4424.62
Brass,21.83,366.76,47.25,45.73,5.55,35.62,29.63,0.3,573.02,13.68,28,10.32,12330.94
Steel,21.42,490.74,32.27,24.07,1.53,9.51,492.32,0.12,132.24,13.39,74,7.02,13421.25
Titanium,9.34,131.98,33.74,76.42,14.66,30.2,197.91,0.21,997.05,9.81,4,7.38,5442.89
Brass,21.07,328.82,31.8,42.44,2.87,8.54,84.59,0.29,437.04,10.08,112,7.41,10292.2
Plastic,2.85,103.06,10.35,70.41,6.4,26.81,336.69,0.16,361.27,0.08,117,3.33,1999.03
Copper,15.71,284.84,21.21,34.36,10.88,17.46,149.3,0.24,716.01,14.77,95,2.61,7054.3
Steel,7.29,234.65,37.67,17.31,11.51,32.61,297.03,0.12,376.62,13.17,35,1.88,3441.36
Copper,4.77,486.14,5.52,99.33,12.21,13.18,297.52,0.08,836.61,13.43,78,3.11,4442.54
Brass,3.77,306.22,14.25,24.06,3.74,27.37,228.41,0.29,465.19,9.89,18,7.53,2380.81
Brass,18.01,178.01,14.18,98.96,7.9,13.25,419.7,0.08,725.17,5.17,63,12.28,6412.02
Steel,9.82,61.48,21.88,97.96,12.54,29.98,139.83,0.13,125.3,13.4,21,4.57,3443.4
Plastic,18.67,79.87,49.03,81.44,19.41,35.58,229.83,0.31,849.2,4.37,33,17.87,7750.11
Aluminum,3.5,116.53,3.84,69.35,14.69,9.44,273.47,0.15,741,8.44,55,16.36,2529.08
Steel,9.25,129.23,26.18,62,18.49,35.33,335.18,0.34,227.48,1.5,16,10.89,4005.4
Aluminum,14.41,426.05,9.38,87.95,15.36,25.78,394.15,0.34,162.38,13.83,75,14.76,9612.8
Titanium,20.19,282.81,48.55,36.05,12.04,9.45,203.46,0.13,329.97,2.11,88,7.96,8751.32
Aluminum,9.33,264.08,6.11,52.09,4.24,19.96,326.56,0.06,976.55,3.37,55,1.7,4039.44
Plastic,16.4,61.81,20.48,65.75,13.5,10.63,83.8,0.26,271.69,8.37,16,18.18,3172.95
Titanium,22.38,430.77,37.03,47.01,12.66,29.51,467,0.19,467,11.46,73,3.43,13665.95
Aluminum,16.16,362.79,35.38,48.47,12.25,31.56,197.7,0.08,49.42,9.29,91,19.01,10303.95
Titanium,7.36,38.5,21.43,39.73,10.05,8.7,367.47,0.26,409.28,3.48,81,11.87,2698.36
Aluminum,2.56,355.38,17.65,60.78,10.81,22.71,19.97,0.06,579.89,0.01,114,6.81,3585.55
Plastic,22.01,274.05,20.18,86.55,7.02,33.51,110.54,0.31,954.06,11.36,17,10.41,9864.17
Aluminum,2.49,45.45,13.58,28.14,10.63,37.77,248.67,0.09,526.4,14.78,44,10.53,1925.63
Aluminum,22.12,231.86,10.66,94.1,4.35,22.97,440.34,0.09,822.73,12.15,95,1.44,7854.07
Aluminum,14.17,244.92,24.41,72.02,16.2,38.26,268.36,0.1,556.19,6.9,77,7.75,7267.58
Steel,23.6,87.06,13.79,84.09,4.12,23.75,465.64,0.34,59.97,13.56,55,15.06,4637.26
Steel,20.37,473.12,14.73,60.06,2.16,18.8,247.06,0.26,328.71,6.15,79,10.69,12392.91
Steel,24.95,425.74,33.01,80.16,9.01,34.69,250.32,0.29,584.04,7.87,49,5.64,15349.81
Plastic,10.07,336.17,48.44,11.46,13.34,22.25,68.68,0.17,951.58,7.16,57,7.37,5862.9
Titanium,19.65,233.84,30.38,83.65,9.04,21.52,403.3,0.15,861.95,6.71,17,17.4,8857.35
Brass,11.24,208.82,4.31,13.61,5.9,22.16,131.01,0.12,243.79,11.63,79,10.99,3937.23
Aluminum,13.04,327.23,4.24,90.09,11.38,34.64,450.81,0.19,235.71,7.9,80,11.04,6584.93
Aluminum,16.43,274.99,47.6,99.28,7.27,34.12,456.3,0.22,217.15,4.75,6,19.27,10139.63
Plastic,22.09,35.83,15.22,36.47,18.69,19.12,472.22,0.24,924.05,3.87,75,7.1,3304.42
Aluminum,24.63,258.69,5.06,28.93,18.49,16.67,264.91,0.13,855.61,0.57,97,10.11,8733.18
Steel,19.67,404.17,30.15,78.88,10.3,22.22,341.78,0.33,779.39,8.75,9,16.42,12292.71
Brass,11.61,232.32,31.37,32.77,6.89,25.05,391.47,0.1,404.88,3.45,68,15.42,5483.47
Copper,11.69,30.72,32.6,87.9,14.87,13.34,74.2,0.34,514.29,2.22,84,6.05,4478.71
Aluminum,18.96,394.21,13.74,19.26,1.22,32.79,304.47,0.05,475.05,9.81,2,3.87,9010.09
Steel,7.49,104.68,1.25,21.34,9.76,22.03,26.81,0.19,268.33,10.22,82,14.31,2552.72
Copper,4.54,133.02,48.27,98.12,7.06,16.69,253.81,0.15,514.93,11.28,108,5.9,6716.32
Brass,10.16,86.53,12.92,70.65,18.45,8.74,85.87,0.18,49.89,7.55,43,18.53,2881.71
Copper,8.61,168.46,33.96,86.22,0.73,13.36,99.63,0.22,149.17,13.41,98,3.46,5092.9
Steel,8.82,379.59,35.48,39.19,11.28,38.22,188.87,0.18,888.86,14.05,69,7.05,7049.26
Titanium,7.37,262.1,30.7,70.88,14.94,15.68,221.89,0.17,756.65,12.11,13,2.04,5396.77
Titanium,2.97,106.42,15.99,63.48,9.96,10.91,315.35,0.27,434.41,9.53,3,14.36,2032.53
Copper,2.41,439.53,13.92,64.28,2.17,21.12,46.47,0.26,526.81,4.56,108,17.93,4523.51
Plastic,24.72,440.39,30.08,71.43,19.46,15.75,256.81,0.3,382.6,14.74,114,13.08,16896.97
Copper,11.84,435.94,43.37,61.78,10.6,6.23,99.49,0.12,745.96,4.11,17,18.82,9196.94
Aluminum,10.84,123.2,47.36,48.62,12.48,16.31,291.25,0.23,788.5,3.04,92,3.44,5054.25
Aluminum,17.63,228.36,5.74,34.83,5.11,24.04,322.33,0.23,768.02,6.63,98,2.67,5719.49
Titanium,7.02,492.57,8.16,79.17,9.93,24.31,282.79,0.16,728.16,0.85,51,16.93,6011.49
Plastic,23.85,387.15,47.26,30.36,8.87,17.48,371.76,0.2,220.41,14.68,37,17.25,13111.88
Steel,20.09,18.45,36.96,72.31,1.96,20.66,174.45,0.14,351.21,8.83,79,16.79,4818.5
Aluminum,4.06,37.28,44.21,31,2.57,38.79,384.9,0.09,480.45,8.35,19,16.18,2456.71
Titanium,11.6,234.65,10.53,66.28,16.83,18.21,222.06,0.11,344.18,9.84,87,7.88,5048.35
Brass,22.22,455.06,29.59,77.24,5.18,14.04,247.25,0.08,759.84,7.46,98,5.13,14506.36
Titanium,23.73,271.66,35.21,29.68,4.3,13.52,327.57,0.25,342.77,0.48,43,18.65,8807.22
Aluminum,12.75,251.42,34.17,15.39,10.35,21.02,19,0.25,155.47,9.18,50,6.83,4745.03
Aluminum,16.11,57.21,20.7,21.79,15.49,31.58,330.46,0.34,411.06,10.74,18,8.57,2638.54
Titanium,5.84,330.11,1.26,64.54,1.71,12.21,313.11,0.27,980.32,6.25,119,14.29,4915.9
Steel,24.8,411.94,29.35,86.45,11.75,29.83,161.83,0.07,241.36,11.36,67,6.57,14957.35
Copper,7.33,193.31,13.03,14.05,2.82,5.74,52.04,0.32,619.92,3.41,96,16.56,3890.87
Aluminum,23.68,388.93,22.79,76.07,1.21,19.66,54.56,0.31,444.31,3.32,65,2.33,11885.73
Titanium,16.94,482.42,47.9,40.72,1.53,32.16,462.38,0.18,89.6,2.42,12,16.03,10734.84
Titanium,15.98,105.86,20.25,53.07,16.77,16.86,347.75,0.23,498.12,5.58,61,12.44,4480.39
Plastic,13.79,264.05,42.07,93.6,2.8,24.73,72.28,0.34,708.12,12.71,60,11.89,9557.14
Copper,7.31,147.13,9.83,39.88,1.38,12.17,184.79,0.21,522.96,12.42,108,9.71,3228.36
Brass,6.06,397.46,33.79,51.88,9.04,30.97,300.32,0.32,874.66,5.74,29,6.26,5732.16
Steel,7.07,290.91,48.86,11.23,16.96,6.83,419.43,0.07,303.16,8.84,97,9.82,4188.14
Brass,6.29,319.12,5.54,17.34,5.62,34.84,31.39,0.11,104.52,10.81,29,9.55,2901.04
Copper,19.93,399.97,0.91,33.27,8.72,11.94,125.95,0.18,937.83,3.62,50,12.09,9959.36
Copper,10.05,201.01,21.96,12.51,1.28,35.6,445.98,0.23,390.63,2.52,117,6.35,3627.5
Copper,3.33,457.97,5.08,66.82,9.26,17.34,14.49,0.29,584.88,14.58,87,2.47,3051.38
Brass,24.29,268.85,37.55,48.38,11.76,30.29,108.69,0.35,796.16,9.26,47,3.76,10318.88
Copper,22.33,83.19,45.77,59.33,11.63,16.17,479.92,0.17,337.83,14.72,107,14.28,6982.04
Titanium,23.34,349.47,21.98,25.72,6.98,36.71,310.57,0.06,721.84,5.07,32,1.43,10177.97
Brass,24.88,397.66,13.31,36.63,6.65,9.43,138.22,0.29,152.71,10.55,104,17.27,13476.7
Copper,6,161.8,22,69.74,2.58,11.25,42.83,0.23,305.47,3.34,112,14.19,4471.13
Titanium,11.11,429.3,36.31,96.88,7.65,22.26,23.81,0.11,161.82,3.92,73,15.59,9947
Plastic,19.44,453.54,0.95,14.54,2.44,7.87,129.93,0.2,815.01,7.68,81,16.88,11735.24
Copper,18.01,142.07,29.68,90.13,15.45,11.86,441.93,0.27,238.2,4.79,18,3.33,5957
Brass,5.54,491.84,30.86,61.92,19.34,38.03,213.8,0.28,723.06,2.51,70,16.63,7386.56
Aluminum,20.76,74.65,32.07,60.75,19.42,39.18,362.96,0.2,944.43,3.94,56,10.59,5929.98
Copper,7.16,105,12.48,55.03,17.37,18.17,459.96,0.14,537.22,0.54,18,17.82,2680.62
Aluminum,7.15,96.19,35.85,16.25,12.22,37.32,209.94,0.34,549.23,10.57,87,17.85,3972.63
Titanium,14.35,447.52,5.02,18.09,14.17,24.07,103.73,0.25,471.81,7.38,78,1.46,7939.36
Plastic,15.64,328.87,10.36,64.08,6.06,14.44,263.39,0.17,339.37,1.41,40,8.27,6682.37
Steel,15.34,80.29,43.93,40.69,12.8,29.58,454.96,0.13,486.14,2.58,41,11,4425.85
Plastic,4.1,222.96,37.07,92.55,9.39,28.06,404.14,0.27,610.75,1.54,86,13.89,6536.93
Copper,22.18,309.57,1.18,46.59,9.9,39.62,42.26,0.12,986.27,9.19,51,6.44,9264.27
Aluminum,8.11,46.31,12.79,22.9,15.28,14.28,349.36,0.1,939.01,1.41,115,5.79,2531.76
Aluminum,4.98,441.8,11.11,74.32,6,28.52,290.23,0.21,864.91,11.31,3,8.24,4396.4
Brass,22.44,402.78,13.9,36.4,6.7,6.82,454.66,0.14,891.35,0.31,101,10.52,11635.58
Aluminum,23.98,255.08,12.75,57.29,18.53,8.98,70.02,0.24,478.49,3.74,3,19.07,7794.94
Brass,21.83,483.73,3.6,72.8,1.6,5.14,271.68,0.09,664.3,13.36,4,15.48,12991.59
Titanium,20.62,211.79,23.22,91.02,9.97,39.98,440.94,0.25,897.17,10.78,40,9.16,8723.77
Steel,17.07,492.13,36.77,81.3,18.3,33.08,210.91,0.13,405.09,1.09,107,2.03,12736.71
Copper,14.67,335.62,30.53,70.87,12.4,32.54,246.18,0.05,962.53,12.32,86,4.2,9433.32
Brass,4,319.16,33.81,71.17,11.15,22.84,44.53,0.09,427.47,7.4,103,9.66,5458.49
Steel,11.39,87.15,4.52,95.13,5.37,15.5,146.29,0.33,609.06,12.7,116,16.46,4198.62
Aluminum,10.57,441.55,47.6,36.62,7.19,10.29,169.01,0.31,715.61,9.01,100,8.23,8495.8
Aluminum,7.97,216.61,42.01,10.1,17.11,14.96,473.11,0.12,951.58,10.23,60,11.23,4265.41
Steel,18.64,85.31,40.35,34.48,11.4,18.16,148.51,0.28,259.72,14.9,74,17.94,5054.27
Aluminum,13.41,11.24,41.24,29.61,10.54,31.47,235.83,0.23,751.21,3.49,54,18.36,3505.69
Titanium,3.86,282.08,46.67,69.57,2.44,23.89,338.94,0.34,530.4,9.36,74,5.1,5518.91
Titanium,7.06,266.06,27.44,67.03,0.81,7.71,89.47,0.16,283.19,6.9,12,1.83,4173.01
Steel,17.71,361.08,10.41,63.41,19.29,5.63,248.36,0.25,781.07,0.59,13,6.8,8132.72
Brass,3.75,445.68,31.03,11.46,7.85,8.58,371.88,0.07,561.18,0.22,59,14.22,3524.13
Brass,21.58,44.31,37.27,75.59,12.26,19.37,434.76,0.17,667.75,1.79,71,19.07,6123.67
Steel,13.39,367.09,37.03,39.12,2.05,37.66,316.87,0.34,336.44,9.74,24,2.46,7423.12
Brass,13.05,97.77,26.31,69.86,13.82,27.31,337.84,0.21,491.65,8.51,81,1.54,4287.25
Brass,15.63,429.8,3.89,60.09,18.69,33.06,71.88,0.14,625.01,8.3,114,17.8,10791.26
Titanium,20.97,410.44,18.87,40.85,11.73,21.32,473.43,0.09,416.81,0.48,43,15.21,10782.61
Brass,10,272.69,46.08,22.11,2.96,17.66,74.96,0.26,214.41,7.04,107,19.85,6347.83
Plastic,17.59,356.57,29.43,18.5,11.84,8.79,389.59,0.24,962.41,13.87,81,8.54,9538.18
Copper,15.01,160.6,27.15,84.84,15.44,35.66,139.76,0.16,521.24,5.96,9,8.9,6031.98
Aluminum,8.14,238.23,13.81,92.66,8.43,32.41,467.46,0.34,739.24,9.37,70,4.27,4870.82
Plastic,22.21,411.71,18.74,68.48,17.66,10.88,362.78,0.06,422.83,11.7,49,3.2,12290.79
Brass,20.34,232.34,44.82,19.31,13.15,22.93,379.37,0.14,368.03,11.76,43,12,7385.69
Titanium,17.14,182.11,33.49,46.18,18.04,22.06,117.34,0.33,419.02,7.79,13,7.92,5869.75
Steel,21.56,249.64,39.48,75.6,12.66,26.88,227.09,0.15,421.01,12.87,14,2.53,9890.41
Brass,21.95,414.98,22.99,80.18,3.06,38.12,312.73,0.13,553.3,5.87,15,17.85,12465.19
Titanium,18.29,170.93,31.7,20.64,6.54,25.29,387.29,0.21,552.6,13.33,1,4.77,5001.43
Copper,21.25,91.01,12.79,10,4.44,23.91,60.94,0.3,507.21,3.6,29,15.22,3204.52
Brass,18.04,357.45,35.42,74.09,18.22,6.76,481.56,0.08,152.09,4.2,29,6.36,9841.72
Steel,17.64,413.86,21.67,42.09,15.33,7.2,446.21,0.33,506.15,0.8,81,16.45,10367.21
Titanium,16.23,54.82,22.41,32.9,13.69,11.56,142.47,0.29,185.72,11.93,30,3.25,2215.95
Titanium,19.31,123.74,32.64,11.16,6.37,6.14,413.15,0.1,143.61,6.26,107,15.37,4771.89
Titanium,5.65,75.28,46.85,58.63,4.09,31.02,263.98,0.26,933.99,3.44,111,2.86,4633.74
Copper,22.26,177.23,3.67,86.6,15.25,30.32,236.29,0.17,612.85,3.48,76,9.49,6236.89
Brass,22.05,227.92,41.32,96.19,9.75,9.76,164.07,0.17,666.3,13.52,19,14.95,10753.07
Copper,2.67,375.67,14.97,60.92,4.9,34.26,294.67,0.28,413.76,12.51,48,4.29,2910.55
Aluminum,20.99,327.32,22.47,56.3,12.52,10.42,367.65,0.34,910.8,8.3,113,6.43,10598.6
Aluminum,4.96,312.36,1.58,17.66,1.29,15.54,211.36,0.09,645.17,9.24,34,17.43,2997.22
Brass,9.71,179.43,15.4,59.4,6.86,13.71,318.32,0.18,773.79,7.11,22,17.82,4098.08
Copper,19.1,421.52,25.38,44.2,9.64,18.03,352.66,0.19,381.19,5.87,105,1.85,10461.68
Steel,5.7,238.29,3.28,64.64,3.39,13.91,358.45,0.16,960.81,13.73,96,4.19,3224.32
Titanium,20.81,489.66,24.81,44.99,19.7,22.11,35.46,0.16,824.05,1.88,101,3.23,13089.12
Titanium,21.14,318.9,46.39,31.63,4.58,19.26,431.28,0.07,856.87,6.28,98,4.41,10039.68
Brass,13.67,67.5,5.72,18.55,3.04,39.53,234.54,0.26,188.75,5.17,114,19.43,3661.46
Aluminum,2.15,339.71,38.34,38.34,4.47,6.96,138.58,0.18,285.54,7.47,99,11.48,3733.01
Aluminum,8.6,165.93,20.78,18.7,15.5,9.98,128.46,0.11,299.91,6.86,60,9.89,2975.61
Titanium,16.19,344.73,32.93,25.92,8.8,6.85,246.68,0.29,285.49,7.78,83,19.7,8921.35
Brass,24.57,39.47,13.38,98.86,11.53,26.9,444.55,0.29,858.3,2.1,54,11.58,4235.59
Copper,16.53,91.57,8.39,49.97,0.91,6.91,195.39,0.2,51.25,7.7,66,13.56,3041.03
Aluminum,7.98,428.59,8.44,57.87,1.17,34.28,377.37,0.14,94.58,3.64,7,7.32,4271.82
Copper,16.58,117.45,3.99,88.63,9.19,22.92,57.44,0.24,288.44,2.76,39,8.26,3189.7
Aluminum,14.42,419.34,9.69,99.6,16.42,23.45,243.27,0.14,215.88,0.97,58,12.29,8418.47
Aluminum,19.94,143.24,33.38,62.44,17.76,24.66,495.93,0.12,247.22,11.44,31,2.33,6084.13
Plastic,4.46,323.23,44.14,83.12,2.19,10.98,387.51,0.27,801.98,6.41,92,5.86,6672.7
Aluminum,19.5,348.6,40.8,39.42,11,11.92,113.16,0.06,571.86,9.4,6,4.74,9783.23
Steel,14.45,258.76,34.41,37.52,18.31,16.16,255.71,0.08,25.66,10.91,1,1.3,5781.39
Brass,24.15,156.13,5.97,46.24,8.07,25.77,124.48,0.05,440.74,10.19,84,11.2,6026.54
Brass,9.86,110.26,14.81,70.53,16.68,12.35,210.68,0.1,419.73,7.06,5,11.66,2913.56
Copper,16.55,21.43,15.84,71.4,3.11,9.07,392.24,0.07,131.67,5.82,91,8.29,2448.01
Aluminum,23.44,155.45,12.87,38.37,18.74,38.95,387.9,0.35,682.62,5.64,111,6.11,6569.6
Steel,4.36,328.32,25.99,21.99,15.15,5.77,121.77,0.14,708.06,9.6,105,13.39,4358.89
Copper,23.56,469.46,27.01,66.92,18.86,33.09,461.89,0.09,726.48,7.42,35,3.56,15205.4
Plastic,17.82,436.25,18.17,21.55,13.69,32.58,300.36,0.12,733.9,12.74,31,10.85,10708.26
Copper,3.56,384.2,18.01,62.06,7.59,15.4,196.16,0.33,20.05,13.12,44,15.59,3552.53
Copper,8.92,395.28,41.51,72.41,18.79,9.75,255.95,0.21,954.84,2.56,41,4.12,7982.61
Aluminum,18.29,334.17,39.57,73.06,5.87,10.1,306.48,0.16,817.92,2.04,52,15.31,10850
Plastic,3.55,133.84,15.74,77.81,6.98,29.41,284.35,0.31,905.9,9.46,109,15.46,4629.28
Copper,15.39,454.06,45.73,88.56,14.17,27.5,248.34,0.17,35.33,4.52,8,2.14,11838.03
Steel,9.96,337.01,47.66,55,15.42,32.4,257.42,0.15,935.18,0.28,74,1.36,7561.36
Steel,16.28,282.42,16.67,75.72,18.62,37.81,96.44,0.11,813.59,13.33,86,19.5,9678.16
Brass,3.05,59.94,18.04,65.73,4.49,29.22,408.24,0.16,840.47,3.4,113,4.67,2939.5
Plastic,22.05,226.29,25.53,26.8,16.06,10.45,275.46,0.15,111.42,13.94,74,16.62,7919.91
Plastic,24.39,232.88,47.09,12.31,14.9,13.52,74.23,0.25,744,10.76,48,11.68,8395.43
Brass,24.28,432.96,43.88,35.61,1.74,34.48,385.42,0.14,960.72,11.44,1,6.02,14358.13
Copper,19.24,275.59,5.58,49.87,8.05,12.33,466.9,0.22,684.98,3.02,66,3.47,6856.73
Plastic,4.99,193.3,19.94,65.54,6.01,7.54,474.18,0.07,579.15,3.51,10,10.44,3067.35
Steel,19.44,488.52,27.89,86.5,6.44,29.61,190.82,0.11,946.72,7.82,49,8.74,14238.62
Steel,2.57,59.81,25.41,27.66,19.67,19.09,76.4,0.17,454.08,2.58,34,14.28,2188.61
Aluminum,2.51,214.16,10.1,21.3,13.03,37.2,264.02,0.33,607.31,4.58,14,18.18,2210.96
Plastic,9.44,25.8,43.01,96.71,14.49,27.76,65.18,0.16,486.81,4.82,106,16.3,7042.07
Copper,13.24,371.25,34.01,19.72,19.54,8.16,467.65,0.25,934.19,2.39,74,6.21,7373.59
Brass,19.72,459.45,41.98,53.06,7.86,38.17,99.95,0.13,94.56,3.08,30,17.7,12505.44
Brass,17.72,143.62,43.01,62.7,16.14,14.05,133.86,0.09,511.1,11.83,91,16.83,7824.18
Copper,12.26,429.88,37.54,58.72,8.97,16.8,209.25,0.07,693.21,2.51,61,18.65,9603.17
Titanium,8.29,149.65,22.24,17.74,17.46,19.08,197.75,0.14,796.07,0.43,27,9.71,3059.53
Aluminum,24.93,455.83,30.72,15.13,4.02,6.79,399.38,0.1,591.36,9.44,95,15.6,15041.98
Brass,11.8,378.21,8.44,19.49,18.98,22.38,233.6,0.1,910.74,14.64,24,12.24,6933.37
Plastic,12.38,403.43,33.85,62.7,4.77,9.32,93.68,0.28,943.15,4.97,83,6.9,8951.62
Aluminum,5.76,13.91,9.37,58.99,6.86,19.03,140.93,0.05,83.03,1.78,91,19.89,2664.9
Plastic,20.28,481.59,34.85,31.04,15.25,17.27,259.47,0.22,414.32,8.56,24,1.73,12460.7
Steel,17.95,364.7,11.87,67.4,8.18,32.05,82.25,0.16,42.99,13.6,74,4.08,8856.95
Aluminum,7.08,155.85,6.32,83.81,12.36,33.11,309.71,0.2,342.83,11.76,82,17.96,4049.59
Brass,3.89,415.55,8.68,13.74,9.17,10.37,287.22,0.22,546.13,9.34,91,2.15,2786.79
Aluminum,17.65,144.35,0.6,54.83,14.98,17.83,360.2,0.14,912.58,4.73,0,17.85,3931.29
Aluminum,17.05,437.01,36.08,72.04,4.95,18.07,469.48,0.14,849.62,8.13,58,14.59,12507.01
Aluminum,8.28,60.73,36.75,32.71,1.64,10.3,457,0.27,144.95,1.37,68,1.7,2112.66
Titanium,23.87,353.32,25.99,37.7,6.35,32.95,473.58,0.31,111.17,10.18,73,9.16,11408.02
Aluminum,5.47,272.65,8.49,65.23,9.75,29.75,129.91,0.11,597.48,10.88,41,15.33,3737.82
Plastic,11.94,52.78,4.64,90.81,3.78,11.66,74.47,0.08,541.48,14.48,109,12.08,3051.04
Steel,23.7,124.74,1.45,82.89,7.42,17.84,158.12,0.32,281.05,3.91,33,18.78,4275.88
Copper,11.65,11.14,8.7,62.48,8.3,8.7,448.59,0.15,901.46,0.28,99,17.49,3446.19
Aluminum,16.69,237.04,44.6,75.72,1.62,26.99,486.31,0.22,928.82,8.18,65,7.32,9212.26
Brass,11.14,154.13,12.46,42.83,11.87,9.25,431.07,0.16,414.56,10.6,17,2.61,3070.37
Aluminum,8.31,301.19,18.04,67.69,17.74,39.51,63.91,0.09,892.5,11.86,76,18.94,7059.46
Brass,24.63,152.13,5.71,51.96,3.46,32.32,474.24,0.23,396.27,2.91,114,10.83,6004.48
Plastic,11.41,153.46,11.51,27.09,12.16,18.66,217.45,0.21,742.08,3.93,4,2.41,3155.89
Brass,22.56,372.88,26.2,73.16,13.46,25.25,14.56,0.11,486.42,7.69,19,16.51,12117.44
Copper,7.29,28.83,30.58,60.08,8.68,36.9,226.77,0.19,140.13,4.96,65,17.5,3698.85
Steel,6.9,451.93,12.64,42.28,14.17,24.39,32.57,0.29,929.38,12.91,74,13.15,6312.84
Brass,2.72,426.87,3.36,92.02,8.51,11.11,276.5,0.23,465.01,7.11,61,9.5,2755.48
Brass,16.99,335.56,19.86,11.88,10.34,18.25,175.89,0.08,739.8,11.99,93,13.58,8826.19
Steel,10.48,298.64,12.09,38.42,0.64,34.51,241.98,0.21,379.83,8.71,95,14.43,5690.43
Copper,21.88,446.69,11.37,15.12,13.99,27.55,310.45,0.26,38.5,11.6,31,17.97,12140.94
Aluminum,12.88,96.74,48.01,78.99,13.4,27.78,435.71,0.29,118.52,4.99,57,19.16,6809.74
Brass,24.27,44.09,31.01,73.19,1.25,35.34,334.33,0.24,506.3,12.47,49,10.77,4631.57
Steel,6.27,123.56,28.07,39.82,7.68,36.29,222.68,0.1,696.17,4.12,37,16.17,3519.82
Plastic,21.98,398.32,21.08,70.81,19.59,37.19,411.52,0.26,348.04,8.19,54,19.33,13192.2
Steel,19.86,22.16,21.73,45.63,8.7,8.32,453.74,0.25,701.58,3.21,27,3.87,2437.65
Plastic,19.73,293.49,27.27,78.06,10.29,24.04,68.68,0.06,704.66,7.13,73,1.35,9386.82
Copper,21.43,497.74,34.97,50.88,18.24,30.92,270.65,0.17,709.86,4.77,85,17.51,15762.84
Aluminum,19.5,428.57,35.26,47.11,14.49,31.49,149.41,0.15,502.67,4,118,4.71,11889.65
Steel,16.4,263.12,9,94.13,11.85,26.24,33.06,0.25,916.59,14.5,80,1.81,7168.64
Titanium,5.02,36.5,25.26,32.58,16.06,10.84,337.59,0.11,499.41,2.4,21,4.04,1806.07
Brass,2.75,416.53,20.89,20.84,17.36,32.91,432.76,0.23,461.26,11.81,42,8.3,3196.8
Copper,23.18,301.49,43.59,62.61,9.41,30.2,89.82,0.32,215.39,14.76,82,5.17,11701.47
Steel,16.18,61.89,31.76,97.24,9.76,8.01,408.08,0.29,321.5,0.3,80,6.8,5154.75
Brass,20.32,51.46,26.86,44.01,8.03,21.23,428.16,0.33,61.49,10.49,87,19.53,4409.84
Steel,13.08,455.27,6.21,15.58,19.35,11.09,458.03,0.34,640.86,3.79,35,14.38,7791.86
Plastic,4.7,336.25,30.48,40.54,14.09,16.81,139.99,0.05,263.57,0.61,95,14.53,4713.45
Steel,4.88,415.5,6.3,55.53,2.12,5.63,452.94,0.24,318.07,6.04,119,2.8,3271.86
Titanium,17.77,440.09,17.19,24.57,17.33,19.01,167.12,0.17,775.4,14.03,109,14.91,12098.4
Steel,11.9,288.03,7.57,69.23,9.87,24.25,280.65,0.31,340.68,0.18,51,15.05,5392.38
Steel,6.61,261.14,34.76,99.8,1.84,26.69,34.75,0.13,257.35,8.82,35,13.54,6132.31
Titanium,13.31,218.06,10.71,50.66,11.22,28.22,31.5,0.34,185.68,7.52,27,5.34,4320.4
Copper,3.48,161.89,19.9,41.93,8.63,34.27,362.98,0.23,779.36,13.1,77,9.04,3326.26
Steel,15.39,220.13,44.84,46.06,17.62,12.54,227.8,0.29,147.11,1.26,57,17.08,6903.5
Titanium,8.19,388.07,10.61,20.36,4.48,9.22,135.58,0.08,464.68,10.22,35,13.73,4716.52
Brass,20.34,302.95,25.64,89.49,16.62,34.8,103.3,0.11,516.79,10.2,69,14.92,11221.06
Plastic,9.14,446.8,21.25,47.33,11.37,10.48,338.28,0.28,693.64,10.04,8,12.16,6504.32
Plastic,12.47,224.47,1.4,44.85,1.56,39.12,10.2,0.06,640.62,14.14,20,9.54,4150.79
Steel,2.27,305.51,39.74,69.37,19.45,34.49,404.89,0.3,814.51,12.35,63,15.42,6114.19
Copper,3.67,317.5,3.92,49.78,10.5,22.53,48.83,0.05,63.86,0.63,75,2.29,1842.32
Copper,11.03,297.89,23.98,68.34,6.17,39.35,103.83,0.25,310.51,7.07,60,13.79,6563.48
Brass,13.04,352.8,28.25,15.53,9.65,8.41,199.26,0.16,294.53,5.97,93,19.95,7576.8
Steel,15.8,122.53,31.61,83.24,17.23,15.61,247.58,0.23,163.1,4.65,94,15.82,6633.3
Plastic,8.71,258.62,34.59,94.65,6.45,27.34,183.95,0.26,303.39,6.77,39,6.52,6460.86
Copper,17.98,56.59,13.04,68.39,4.26,17.25,167.15,0.15,323.57,5.76,55,6.28,2735.43
Steel,21.78,195.33,0.99,95.91,3.02,37.49,482.32,0.08,531.45,6.49,3,13.68,5349.64
Copper,19.94,246.4,36.31,23.63,6.31,7.3,324.37,0.07,670.43,14.69,30,18.02,7772.77
Titanium,2.91,327.85,27.02,52.97,15.71,24.23,21.48,0.23,393.48,1.33,26,11.98,3488.54
Copper,13.05,475.51,41.89,64.16,9.7,25.68,220.79,0.21,725.08,13.83,57,11.02,11399.96
Plastic,4.41,302.32,41.16,62.36,4.94,27.85,438.75,0.27,349.44,7.2,24,4.05,4698.64
Aluminum,7.57,373.08,42.24,46.13,3.74,13.95,157.71,0.2,304.48,9.36,68,14.59,6417.41
Brass,24.69,255.6,24.51,40.43,6.99,17.76,56.33,0.18,550.36,12.45,69,14.34,9761.5
Brass,5.28,318.88,17.01,21.41,18.83,34.53,381.61,0.17,43.24,5.41,4,19.37,2974.75
Plastic,13.47,40.11,39.68,45.26,7.19,11.82,306.95,0.06,98.19,6.46,114,6.7,3336.49
Copper,16.22,130.92,22.84,24.64,19.77,33.94,289.45,0.15,429.61,6.14,90,15.37,5344.01
Steel,18.16,184.12,9.58,76.09,9.96,24.69,36.25,0.34,944.05,5.62,7,9.25,5527.51
Copper,14.87,238.88,42.82,28.79,3.99,31.68,78.84,0.31,727.08,13.88,8,11.61,6248.77
Plastic,2.22,27.6,44.19,15.27,17.88,29.98,315.05,0.15,106.36,12.43,14,16.51,1664.47
Brass,9.51,74.31,23.58,59.71,9.48,12.26,111.83,0.23,849.39,1.63,99,5.22,3634.28
Copper,13.91,142.02,4.25,63.57,14.34,24.91,256.99,0.3,737.65,1.62,104,7.51,4230.67
Brass,4.02,485.91,19.7,88.47,19.68,35.37,276.99,0.18,618.73,6.42,6,15.69,5280.43
Steel,10.06,169.02,40.28,61.93,1.48,20.12,148.92,0.06,823.89,1.48,95,11.84,6207.45
Brass,2.76,243.61,45.14,41.09,2.39,38.83,474.73,0.07,416.03,9.29,71,2.76,3327.65
Brass,3.81,102.07,10.57,82.27,14.55,20.83,422.81,0.2,237.07,2.16,110,9.17,2900.29
Aluminum,11.13,307.34,3.82,58.63,6,10,363.96,0.34,521.78,7.84,114,12.15,6003.47
Aluminum,5.05,143.94,43.93,17.14,4.09,18.63,48.22,0.26,557.86,0.11,14,18.28,2383.17
Titanium,15.05,107.46,19.78,60.93,1.27,38.31,62,0.07,547.56,4.75,36,4.58,3664.72
Aluminum,17.86,260.7,27.32,91.72,0.93,16.19,251.46,0.11,573.77,10.16,82,16.31,9588.86
Brass,20.41,7.73,48.42,45.67,15.6,35.38,88.75,0.28,949.73,7.26,38,3.48,4039.31
Plastic,6.6,8.79,3.79,36.67,3.12,35.84,489.35,0.3,904.2,14.67,5,5.6,1396.33
Brass,5.85,113.44,32.59,22.91,9.62,17.26,87.67,0.24,878.2,13.11,82,5.62,3023.38
Plastic,4.41,23.18,4.17,23.63,12.31,7.91,248.86,0.24,805.39,5.39,56,17.67,2158.28
Plastic,16.64,58.47,19.09,48.95,8.85,30.36,188.42,0.06,944.56,0.68,91,4.78,3573.54
Aluminum,18.25,172.74,40.29,63.61,1.03,15.9,323.3,0.3,116.52,12.68,80,15.95,7620.98
Copper,2.73,402.28,21.96,17.26,15.78,32.4,73.23,0.29,279.82,13.67,105,9.77,3465.56
Steel,23.53,288.16,49.86,94.56,0.71,20.49,220.86,0.13,505.15,12.31,18,19.98,13237.88
Aluminum,3.2,258.77,28.17,77.96,15.36,21.98,144.61,0.26,849.6,1.92,62,16.94,5315.19
Aluminum,14.45,150.28,16.4,62.8,17.92,32.23,445,0.11,515.06,14.97,30,15.05,5119.62
Copper,18.31,466.22,11.4,84.56,8.94,18.38,29.89,0.06,753.07,3.88,74,17.54,12048.83
Steel,22.03,201.52,17.85,17.22,10.94,20.51,457.73,0.11,156.18,10.86,78,13.05,6677.8
Brass,18.42,48.11,18.94,52.92,9.8,18.17,418.17,0.1,267.37,13.62,9,17.03,2649.71
Titanium,20.44,310.45,3.9,66.71,8.09,17.86,155.81,0.15,737.14,3.54,106,5.96,8367.16
Titanium,9.81,61.35,18.79,84.58,17.8,23.41,396.75,0.18,181.44,13.62,86,2.86,3188.59
Brass,20.74,175.89,23.48,80.51,17.93,33.31,25.29,0.2,364.33,4.64,66,12.7,7512.43
Aluminum,3.84,256.17,36.28,34.94,7.05,17.66,483.76,0.19,279.57,14.65,61,9.26,3456.27
Steel,22.58,437.74,33.01,94.68,12.49,23.35,268.03,0.13,362.86,4.22,2,9.1,14134.21
Aluminum,14.59,249.31,35.58,21.19,18.57,28.48,158.61,0.06,714.16,14.3,17,11.01,6351.25
Plastic,20.8,352.62,0.91,88.76,19.26,14.43,187.67,0.23,380.49,0.8,24,7.87,8364.4
Aluminum,12.4,496.44,11.27,97.38,10.42,14.71,42.54,0.17,564.16,10.64,106,12.9,10000.38
Aluminum,16.8,70.09,33.25,25.94,9.33,37.67,494.78,0.14,117.93,7.98,19,1.58,2702.66
Brass,14.11,140.99,24.46,74.99,5.93,30.32,29.25,0.31,808.92,7.17,57,19.43,6071.56
Brass,18.83,200.32,0.76,13.63,19.2,25.2,330.9,0.27,382.49,3.35,92,18.57,6572.86
Brass,3.88,213.8,40.32,46.49,3.28,27.67,226.94,0.31,655.56,10.58,85,18.77,5203.91
Titanium,3.39,208.46,38.75,56.47,11.81,6.03,474.97,0.2,730.88,2.86,49,7.94,4201.25
Plastic,7.68,454.27,27.65,62.26,6.01,26.63,130.54,0.09,225.47,8.29,78,11.11,6763.35
Brass,5.67,358.45,3.79,94.23,5.94,22.83,270.72,0.26,886.98,3.8,102,19.13,5511.01
Steel,22.05,305.91,38.44,70.5,8.4,24.1,246.35,0.11,623.9,14.33,9,18.14,11438.64
Titanium,7.04,158.14,29.39,53.32,19.98,17.58,354.4,0.18,440.15,0.43,20,16.01,3860.56
Copper,24.44,412.78,39.21,82.87,1.57,7.85,43.33,0.07,198.69,3,118,8.74,14885.69
Steel,9.75,477.75,37.71,95.55,11.78,11.77,104.96,0.3,943.45,3.63,115,11.72,10891.73
Steel,6.19,411.49,40.25,11.99,2.11,38.28,115.14,0.09,759.97,6.21,28,16.07,4488.96
Brass,20.16,5.77,26.14,98.43,3.51,19.3,371.69,0.32,223.86,3.49,95,6.19,3691.94
Copper,17.15,320.02,7.45,17.75,9.07,21.33,102.68,0.31,350.96,7.37,9,12.9,6717.43
Copper,13.46,30.31,33.72,83.29,10.45,6.84,291.01,0.19,813.48,13.09,12,16.73,4410.92
Titanium,14.77,132.52,31.21,35.23,5.55,6.31,115.47,0.27,701.76,10.68,46,14.44,4698.09
Copper,18.54,34.46,37.24,21.9,6.67,30.1,432.2,0.24,770.47,8.7,22,10.11,2807.41
Plastic,7.25,303.88,8.91,49.59,2.2,23.83,471.67,0.29,452.38,1.34,49,12.11,3909.48
Brass,24.92,344.86,10.15,67.96,6.41,22.8,264.06,0.18,722.15,10.41,86,19.78,12795.24
Copper,24.42,61.67,44.58,44.29,19.35,13.51,182.63,0.29,398.76,2.5,94,12.44,5400.58
Titanium,16.96,195,37.62,14.91,18.92,31.07,124.69,0.19,227.04,11.8,3,15.93,5144.73
Plastic,6.59,230.84,45.46,63.95,7.03,10.89,34.39,0.33,640.02,3.75,115,14.81,6916.52
Aluminum,17.65,187.68,38.06,91.22,11.63,11.65,141.57,0.2,976.49,6.26,112,14.33,9737
Aluminum,3.66,64.91,30.06,44.49,18.24,21.12,330.58,0.19,324.39,5.26,66,14.61,3324.13
Plastic,2.71,212.38,32.88,29.47,0.62,15.02,271.47,0.29,471.75,12.88,84,9.63,2987.36
Titanium,7.93,376.83,44.51,49.83,16.31,13.66,472.58,0.3,680.52,1.9,52,10.01,6828.58
Plastic,12.64,40.15,29.15,14.35,18.99,27.58,204.18,0.22,550.68,8.48,1,9.89,2098.07
Brass,21.97,44.69,31.8,83.84,2.28,27.78,349.99,0.1,846.56,2.13,67,1.63,4722.97
Brass,18.72,180.61,8.25,84.37,3.65,33.86,249.77,0.19,766.51,10.57,64,5.58,5729.12
Aluminum,19.08,471.15,23.96,62.92,19.23,19.62,261.16,0.34,77.13,13.58,78,3.94,12568.42
Copper,11.79,335.94,35.96,41.78,10.98,7.56,141.21,0.28,998.45,6.52,56,17.84,7841.42
Titanium,9.96,340.94,13.91,81.98,0.78,14.58,232.93,0.29,757.35,7.32,96,6.22,6218.07
Aluminum,10.53,184.15,10.51,59.92,5.52,39.3,240.68,0.06,866.63,13.91,69,3.63,4187.06
Copper,24.72,298.86,16.03,84.33,9.27,25.87,356.25,0.19,658.17,7.81,6,3.28,10301.97
Copper,2.92,10.01,12.45,66.83,14.01,29.84,470.91,0.24,859.16,7.31,18,14.3,2511.04
Brass,21.94,319.87,11.14,80.6,14.8,5.26,171.37,0.3,130.14,8.67,43,1.12,8831.85
Steel,15.31,457.08,21.53,63.87,19.91,23.14,30.68,0.06,360.78,10.34,62,9.95,10536.84
Steel,12.09,308.22,45.44,47.27,6.11,6.31,253.18,0.31,878.89,1.6,64,3.26,7138.52
Plastic,18.68,437.48,25.6,96.22,11,24.92,276.79,0.21,217.62,12.32,38,17.14,12843.35
Brass,13.19,363.37,9.8,58.7,10.9,37.23,92.54,0.11,96.68,6.53,82,19.21,7768.97
Copper,22.09,64.68,4.31,64.46,8.41,38.89,382.63,0.15,792.36,1.09,108,19.22,4974.76
Titanium,22.72,451.71,34.96,29.84,3.8,23.92,492.62,0.13,838.78,11.79,25,9.4,13744.76
Steel,11.7,37.89,19.45,66.31,19.56,21.04,473.43,0.21,179.4,5.65,43,13.25,3018.2
Copper,8.37,269.31,41.18,61.44,17.14,38.08,106.58,0.07,857.26,1.51,11,12.39,6471.96
Steel,15.62,75.36,33.15,26.64,10.22,28.58,438.93,0.1,693.03,9.51,21,7.65,3361.84
Steel,22.98,10.79,39.91,15.36,12.26,7.27,355.2,0.29,529.68,13.2,76,9.44,2332.96
Steel,6.85,213.91,13.96,64.39,4.93,21.3,232.38,0.09,833.65,13.32,91,2.22,3720.94
Titanium,16.33,151.05,34.77,78.73,11.1,13.41,274.9,0.12,430.86,14.36,13,16.12,6380.56
Brass,16.53,245.57,13.57,57.11,14.05,21.44,426.3,0.19,210.11,13.02,85,5.58,6429.41
Titanium,18.86,290.71,46.98,30.41,10.55,20.94,245.27,0.21,299.16,0.03,29,9.75,7767.43
Aluminum,5.03,26.65,32,69.99,19.81,25.38,192.87,0.28,515.06,5.7,43,10.13,3888.8
Copper,18.46,65.89,16.56,17.21,12.42,17.49,251.69,0.18,540.7,12.28,83,11.65,3420.87
Brass,22.91,281.53,13.84,49.77,7.73,10.75,293.77,0.29,809.47,5.49,107,16.54,10240.31
Brass,6.13,174.87,9.95,24.7,15.56,22.63,102.65,0.24,795.53,9.02,90,14.15,3860.2
Brass,7.46,365.94,34.88,26.6,3.82,34.06,451.44,0.08,589.74,9.09,37,13.6,5165.03
Brass,24.34,327.88,11.33,28.21,8,28.24,340.35,0.1,785.17,5.48,58,11.01,10421.26
Titanium,6.16,423.57,29.97,44.8,7.27,16.84,320.3,0.18,207.94,13.57,41,2.82,4809.56
Brass,21.65,347.78,13.6,14.6,8.92,37.74,58.75,0.17,69.06,7.55,51,8.64,9152.8
Plastic,13.32,217.82,33.27,45.8,15.74,36.93,306.05,0.27,876.16,6.97,62,19.19,7357.21
Copper,7.69,338.12,40.84,56.05,9.94,12.33,69.27,0.22,94.04,14.96,60,19.92,6705.25
Brass,22.03,141.31,39.01,53.5,15.98,6.38,48.56,0.17,261.75,7.4,119,14.88,7573.14
Copper,12.24,156.63,38.16,44.45,11.74,30.95,268.38,0.1,701.41,2.68,104,5.32,5309.62
Plastic,13.84,395.55,9.79,85.52,7.17,33.97,207.36,0.12,421.26,7.7,33,2.94,7519.91
Plastic,10.26,225.98,4.88,23.08,16.29,38.88,298.52,0.22,878.79,12.21,38,8.88,4629.54
Copper,15.64,400.2,35.1,55.51,5.15,36.14,53.72,0.18,312.02,11.65,40,17.27,10135.33
Steel,5.76,412.1,18.73,15.58,4.88,26.02,221.18,0.2,31.63,11.83,107,14.72,4724.2
Aluminum,10.99,429.49,21.9,16.4,10.34,23.55,95.65,0.1,314.64,10.62,36,17.79,6788.68
Steel,24.3,458.73,2.04,61.65,5.59,5.97,493.68,0.25,586.51,3.81,64,12.7,13253.71
Steel,7.94,218.34,13.35,60.94,0.68,13.63,284.96,0.31,388.42,12.93,117,3.48,3664.51
Titanium,17.1,162.84,2.17,89.02,13.14,21.09,346.84,0.13,544.18,13.4,78,3.18,4465.3
Steel,9.48,293.19,44.02,60.21,10.47,27,169.45,0.2,879.07,2.91,31,1.91,6765.63
Brass,19.79,188.73,12.55,96.38,9.19,24.5,56.42,0.34,914.24,1.96,7,11.77,6258.71
Titanium,5.01,302.53,28.09,14.38,19.36,30.99,488.18,0.15,280.65,14.63,96,5.61,3633.76
Titanium,24.31,354.27,2.43,18.82,11.64,14.79,150.27,0.23,472.9,13.02,17,14.95,10713.13
Plastic,12.44,345.76,33.51,13.97,17.34,24.77,217.67,0.08,558.16,13.4,44,14.04,6968.6
Steel,7.43,190.4,16.49,26.67,3.22,8.08,328.43,0.23,950.13,13.3,92,7.04,3741.98
Plastic,3.69,87.6,44.95,58.71,11.6,19.48,22.1,0.08,998.64,8.13,95,4.36,4629.11
Copper,5.9,218.11,44.46,68.1,17.43,31.26,407.03,0.34,250.7,9.7,32,2.95,5467.75
Aluminum,13.95,75.58,16.6,14.1,11.87,29.27,272.92,0.26,732.44,8.18,4,15.01,2585.52
Titanium,9.75,445.6,45.1,95.14,14.5,39.67,146.33,0.29,390.47,0.77,81,9.56,10451.35
Copper,21.06,176.21,49.81,85.79,7.75,14.73,40.19,0.26,27.95,11.18,111,7.15,9345.28
Copper,11.91,81.46,41.36,36.7,2.3,22.44,89.62,0.23,29.07,7.58,73,17.28,3924.38
Brass,7.72,17.6,42.32,16.95,9.43,16.53,448.57,0.18,471.35,9.72,35,12.28,2004.17
Aluminum,16.19,324.68,12.83,25.29,8.19,20.42,346.15,0.31,498.57,7.54,96,10.84,7791.14
Copper,18.26,320.27,29.05,21.42,17.41,34.99,132.45,0.34,42.12,7.38,22,15.12,7930.94
Copper,5.84,173.6,3.83,21.1,5.26,28.95,42.14,0.2,693.19,2.58,39,16.5,2618.19
Aluminum,5.86,40.5,5.2,56.67,19.35,35.89,348.4,0.33,308.12,4.18,4,14.04,1715.66
Aluminum,2.84,207.77,49.95,32.13,19.18,12.12,290.48,0.22,568.7,2.38,33,9.36,3382.95
Copper,18.94,159.05,16.67,42.23,5.33,35.57,208.21,0.21,314.9,2.93,23,8.21,4541.69
Aluminum,17.27,340.17,37.54,99.06,7.29,7.09,188.17,0.19,183.79,14.59,16,15.66,10972.36
Copper,12.92,304.86,40.43,71.59,17.96,36.1,116.24,0.11,419.03,2.3,94,10.84,9022.9
Copper,21.42,185.47,42.97,95.41,19.35,16.52,338.11,0.05,247.63,4.04,70,14.38,9823.83
Brass,20.53,112.86,49.88,22.83,9.15,16.01,485.63,0.12,544.1,8.86,80,17.92,5843.53
Steel,15.46,494.08,12.45,44.39,6.76,22.92,96.1,0.2,214.85,9.15,91,18.4,10953.46
Copper,21.97,229.73,2.5,59.93,10.76,37.92,302.59,0.16,518.24,2.31,101,6.28,6922.54
Plastic,6.73,345.7,20.85,16.91,13.91,6.67,217.85,0.18,174.23,11.91,21,4.57,3358.42
Titanium,4.57,74.57,6.94,10.38,5.83,17.33,228.88,0.34,677.56,11.78,14,5.96,1392.82
Steel,8.2,245.37,1.61,70.34,14.86,34.98,134.53,0.16,758.86,3.56,100,15.28,5025.1
Steel,3.31,18.63,18.34,67.76,1.51,18.86,414.32,0.19,128.19,4.33,14,8.03,1654.86
Steel,14.22,255.2,39.3,46.97,1.46,11.97,247.78,0.09,478.45,14.07,113,4.29,6988.45
Brass,23.54,482.19,28.53,54.07,8.03,19.87,276.27,0.06,89.45,12.39,113,2.87,14889.62
Copper,2.9,195.18,15.98,47.39,7.39,18.49,159.33,0.28,606.22,10.47,24,7.22,2343.33
Brass,4.81,24.3,32.89,12.16,6.65,37.04,99.09,0.22,279.12,1.23,52,3.59,1252.18
Copper,12.4,20.32,11.98,40.18,10.07,31.67,52.1,0.28,537.07,6.27,20,3.97,1699.1
Brass,23.48,197.05,1.21,25.94,6.75,22.68,359.92,0.09,527.11,8.39,118,13.99,7409.72
Brass,9.27,84.21,38.34,18.86,4.25,39.59,106.15,0.22,925.87,2.81,101,1.37,2781.51
Titanium,13.67,16.56,31.38,96.1,6.53,21.28,348.14,0.13,558.1,6.72,65,3.23,4209.47
Plastic,2.96,379.33,38.23,63.94,19.51,7.04,201.28,0.12,591.34,9.02,90,17.04,5954.97
Brass,5.41,231.97,2.43,75.58,8.52,14.18,213.73,0.05,413.62,4.91,112,17.05,3954.96
Titanium,24.69,148.18,41.94,38.38,9.17,20.26,239.9,0.09,950.1,11.71,31,7.26,7079.17
Aluminum,24.2,450.54,31.17,45.38,11.74,10.49,190.18,0.14,781.64,12.61,20,2.67,14677.26
Plastic,2.11,62.49,28.39,31.32,19.68,38.16,59.3,0.09,299.7,4.85,67,14.39,3047.58
Brass,23.89,478.18,31.42,18.73,5.21,31.84,161.72,0.35,847.33,12.58,43,7.84,14856.26
Steel,16.7,160.41,43.29,26.11,13.79,14.39,335.23,0.14,443.75,1.55,82,1.86,4692.31
Aluminum,21.96,444.76,29.55,81.78,14.46,25.68,336.23,0.09,832.09,12.57,65,4,14904.92
Aluminum,12.46,303.46,29.26,70.98,12.34,30.25,150.25,0.11,826.43,2.29,89,3.61,7482.11
Titanium,13.86,414.22,49.54,59.22,2.23,37.94,235.45,0.23,205.09,1.24,97,12.19,10272.32
Aluminum,13.24,492.09,37.96,52.76,13.7,35.86,104.79,0.07,707.12,9.63,13,18.06,10585.98
Plastic,17.34,147.76,22.39,93.02,1.75,23.03,113.08,0.31,304.83,7.08,14,16.07,5431.44
Brass,5.21,480.76,35.52,16.55,12.12,32.11,21.29,0.34,311.54,13.62,19,11.38,4357.94
Brass,2.69,197.79,19.77,35.25,14.92,24.68,449.41,0.12,310.42,5.45,33,9.02,2288.18
Steel,9.08,195.83,11.83,41.49,4.61,24.34,113.25,0.19,731.06,4.31,35,12.75,3656.64
Titanium,18.21,173.49,30.04,80.42,16.91,9.02,121.49,0.06,245.23,7.51,82,9.43,6990.64
Steel,6.64,273,46.45,99.33,1.09,9.41,147,0.24,20.89,6.84,8,5.68,6662.46
Aluminum,17.49,81.3,46.49,31.66,16.95,23.53,72.43,0.17,720.93,5.17,70,13.9,5072.4
Steel,24.31,279.09,17.42,88.69,9.48,14.41,323.24,0.13,187.76,10.41,29,17.59,9912.44
Plastic,4.16,273.14,26.62,84.76,4.74,5.74,46.82,0.11,122.39,11.39,76,8.08,4290.82
Brass,17.47,382.14,10.98,30.22,3.11,30.3,75.76,0.25,252.77,12.79,90,16.99,9756.7
Aluminum,12.21,417.66,49.78,45.94,19.09,6.14,325.93,0.17,392.3,14.59,62,9.19,9265.26
Steel,21.97,223.02,49.07,46.87,1.92,25.83,176.43,0.1,486.39,4,107,8.63,8872.69
Titanium,6.07,154.65,32.65,98.04,4.38,23.87,356.89,0.26,63.68,10.74,34,1.54,4553.93
Plastic,17.93,133.37,40.32,26.28,7.28,38.91,283.14,0.22,971.16,5.91,12,14.21,5079.5
Plastic,21.28,101.34,35.9,81.92,12.59,21.95,135.45,0.31,721.74,10.16,78,16.34,7631.15
Steel,23.73,33.54,29.86,40.08,11.12,7.23,328.91,0.09,336.73,7.14,45,13.61,3108.7
Brass,17.71,174.51,3.14,75.78,2.95,24.31,66.97,0.29,332.32,14.91,55,3.88,4426.18
Steel,13.44,138.77,23.01,47.8,6.15,34.44,272.84,0.25,459.57,10.93,8,2.96,3932.06
Aluminum,16.21,483.38,33.9,62.05,5.16,39.89,224.2,0.08,633.72,14.29,108,11.88,13199.32
Steel,21.98,281.07,34.04,84.94,4.66,20.06,141.26,0.26,163.45,12.52,86,8.63,10878.59
Plastic,15.12,176.9,18.97,82.37,8.52,16.21,305.96,0.18,205.15,13.54,117,9.15,6068.33
Steel,2.7,292.33,47.11,87.98,14.23,36.73,436.95,0.33,862.25,12.22,35,19.39,7238.24
Brass,23.41,73.9,8.78,15.37,4.74,11.69,499.46,0.09,271.13,6.89,116,14.75,4066.64
Titanium,17.86,224.8,25.27,72.28,7.65,26.54,307.8,0.24,392.59,3.78,103,8.82,7571.16
Copper,17.56,314.99,34.7,22.6,8.12,19.2,208.31,0.16,873.85,5.55,2,1.36,7688.23
Steel,6.96,247,35.01,47.42,19.54,6.44,120.35,0.34,669.88,0.3,97,1.65,4381.14
Brass,17.15,203.88,32.61,59.37,19.12,17.16,135.98,0.15,354.88,7.86,18,14.01,6662.98
Brass,11.06,496.95,14.13,46.25,16.1,14.28,244.93,0.34,690.03,7.58,27,16.92,8026.45
Titanium,16.98,440.76,8.23,56.77,5.21,29.01,189.97,0.32,39.29,7.88,22,14.45,9110.19
Plastic,4.45,313.59,31.98,99.69,1.83,38.21,457.77,0.13,740.93,14.61,103,8.71,6554.94
Brass,17.13,286.84,30.17,22.17,6.68,14.38,190.46,0.29,497.28,13.67,112,1.59,7080.77
Brass,24.99,312.23,9.38,70.79,5.7,33.4,192.99,0.35,816.92,2.43,108,19.38,11824.13
Brass,3.11,104.65,35.4,45.64,10.37,6.94,197.93,0.13,955.54,5.53,6,19.74,3130.79
Brass,24.48,200.59,23.03,21.97,15.67,23.83,419.94,0.18,927.27,6.36,104,11.44,8294.75
Aluminum,11.36,24.53,33.55,24.29,17.24,7.47,328.89,0.21,911.08,5.41,75,2.34,2393.1
Aluminum,22.03,240.4,41.95,95.43,16.97,37.69,310.94,0.14,521.93,11.98,13,11.28,11285.46
Plastic,19.99,273.8,8.9,89.16,7.51,31.82,173.73,0.05,372.94,7.86,45,17.95,8125.33
Steel,15.04,117.74,1.45,91.63,13.9,28.03,410.77,0.12,475.73,8.58,14,13.92,3165.13
Brass,18.98,482.19,39.07,99.24,6.6,33.84,28.8,0.13,696.1,12.8,66,14.68,16092.79
Titanium,22.21,455.18,30.68,28.75,1.69,27.66,436.69,0.18,886.32,12.09,14,2.61,13262.05
Steel,11.3,362.46,35.13,41.99,14.18,38.91,261.25,0.1,222.85,1.98,50,3.02,6603.72
Titanium,9.52,269.03,41.99,70.23,0.69,29.99,205.14,0.31,919.83,10.71,87,3.42,7086.08
Steel,17.35,435.63,40.24,53.54,8.48,37.36,253.61,0.26,818.88,6.53,115,18.18,13498.51
Plastic,20.58,69.67,48.07,47.66,6.92,23.1,337.03,0.08,979.28,4.42,109,10.99,6152.2
Brass,19.53,396.3,27.03,42.2,14.02,9.1,16.26,0.25,882.65,0.75,7,16.04,10065.03
Brass,20.35,66.79,24.68,63.44,15.44,23.49,437.06,0.25,294.34,7.31,68,3.19,4007.44
Copper,12.02,398.13,20.39,61.8,6.43,9.44,228.9,0.34,123.84,5.33,61,18.63,7699.49
Titanium,20.81,141.5,8.11,24.53,16.33,25.74,178.05,0.05,130,3.77,50,16.6,4643.8
Steel,4.76,439.16,28.84,52.46,6.23,21.89,77.74,0.12,305.4,10.42,62,5.27,4599.01
Steel,14.52,472.3,14.21,59.81,9.2,26.79,225.34,0.33,621.9,11.54,67,17.61,10621.69
Aluminum,2.13,78.65,46.1,61.33,14.68,5.35,253.2,0.33,808.23,3.67,77,6.01,4434.08
Copper,9.47,234.02,29.37,28.91,14.01,11.82,207.79,0.27,901.27,0.74,15,4.9,4278.13
Aluminum,10.43,490.59,29.85,76.8,19.75,22.2,342.54,0.28,631.28,12.73,83,6.02,9726.01
Aluminum,11.11,244.29,18.07,12.27,4.89,38.27,216.24,0.08,25.52,0.15,23,18.29,3590.48
Aluminum,18,432.46,3.07,41.93,13.42,18.43,481.09,0.2,202.59,14.06,5,18.4,9645.61
Titanium,10.94,296.42,2.07,80.22,12.39,19.85,303.65,0.12,117.73,9.41,118,7.25,4969.65
Titanium,12.32,190.79,21.46,60.75,18.34,30.01,405.66,0.1,376.06,4.83,56,14.4,5541.17
Plastic,7.46,146.46,4.69,33.5,3.55,26.13,63.58,0.29,511.32,3.7,30,13.84,2327.85
Plastic,10.58,105.6,30.54,72.55,15.16,15.46,204.67,0.09,62.53,0.14,5,16.32,3731.41
Aluminum,7.23,382.09,44.11,61.07,11.58,19.38,175.06,0.19,361.51,3.53,98,6.63,6822.76
Copper,3.68,196.34,44.2,81.66,5.86,12.62,289.05,0.33,195.6,2.07,78,10.69,5545.62
Steel,15.88,258.08,33.12,76.15,9.75,38.81,431.95,0.11,654.13,9.18,28,13.69,8459.99
Titanium,17.37,248.7,10.96,64.91,7.01,9.57,48.39,0.34,474.99,2.5,66,1.5,5796.86
Copper,16.25,290.75,43.22,53.94,11.8,18.01,45.56,0.35,505.41,7.93,74,8.16,8768.36
Brass,12.66,433.46,44.36,21.99,17.84,5.9,426.66,0.22,439.14,8.85,2,14.22,7615.43
Titanium,10.74,490.47,10.23,33.52,11.6,12.76,114.3,0.1,956.9,4.47,27,5.8,7118.97
Titanium,21.86,206.75,37,47.72,12.82,32.32,337.69,0.14,230.44,0.53,73,19.2,8402.81
Plastic,13.94,414.62,14.68,63.94,10.62,12.04,276.01,0.18,526.33,0.56,113,1.57,7632.1
Steel,13.02,383.44,40.23,56.23,1.5,7.8,418.12,0.14,741.3,0.4,96,19.2,9929.23
Steel,2.59,288.9,49.86,35.94,5.04,21.61,71.29,0.13,565.71,11.09,47,5.12,3547.73
Brass,9.85,478.24,1.99,10.58,10.09,5.35,73.59,0.34,930.44,4.77,79,1.93,6118.33
Brass,10.74,104.23,44.92,54.66,6.55,7.97,282.84,0.1,390.41,11.94,9,6.56,4238.35
Titanium,11.17,59.09,31.32,35.71,4.04,33.27,473.73,0.27,474.4,6.48,32,15.94,3068.04
Aluminum,15.34,427.71,48.68,76.11,10.33,32,213.35,0.05,106.75,6.79,99,15.3,12674.28
Plastic,14.27,222.38,23.52,12.16,6.79,37.03,170.2,0.23,616.82,7.69,66,4.97,4938.82
Plastic,15.98,424.25,42.45,62.63,5.53,34.91,307.28,0.32,302.45,10.7,68,4.74,11079.72
Titanium,19.59,447.08,3.59,94.73,9.55,28.91,465.92,0.14,177.1,4.1,11,13.21,10121.2
Copper,20.7,35.92,17.1,25.7,3.1,6.83,420.09,0.11,553.64,1.82,56,9.7,2360.77
Aluminum,18.52,442.32,3.82,52.45,18.59,32.4,497.79,0.25,541.66,8.34,43,16.05,11033.89
Titanium,23.98,226.92,48.78,18.23,17.42,34.59,21.06,0.26,94.35,4.9,12,1.46,7317.34
Aluminum,2.42,257.66,40.94,66.31,14.3,32.97,65.3,0.26,704.25,6.64,23,12.6,4862.17
Aluminum,6.5,315.16,42.7,59.55,2.57,22.8,308.64,0.15,631.3,9.7,43,14.88,6166.07
Aluminum,2.17,463.56,46.93,46.66,15.63,13.15,412.08,0.13,205.24,7.41,56,19.87,4847.28
Titanium,16.89,14.46,4.71,56.92,16.26,34.59,149.77,0.34,480.05,9.3,95,13.9,2948.94
Plastic,22.65,241.04,19.59,90.69,15.47,30.45,127.21,0.33,725.92,8.16,15,5.41,9001.78
Plastic,7.6,345.42,4.02,27.67,2.72,39.33,395.62,0.19,538.85,11.1,95,3.06,4039.52
Aluminum,23.32,362.74,10.93,12.03,13.06,10.45,37.63,0.3,407.58,10.59,108,13.18,11465.19
Copper,3.39,347.8,11.85,87.55,16.77,12.9,191,0.19,335.89,8.01,100,10.94,3993.46
Steel,23.49,71.55,23.72,61.94,11.76,12.41,257.85,0.18,618.19,10.18,119,18.08,6283.09
Titanium,10.09,153.2,13.79,90.16,13.1,32.74,284.57,0.1,940.33,13.1,99,14.81,5855.46
Steel,4.33,182.56,5.5,63.73,9.44,11.54,367.02,0.18,678.31,6.48,20,10.69,2259.33
Copper,13.18,403.2,8.79,82.91,10.81,7.33,183.87,0.21,93.25,6.19,110,8.67,7536.7
Titanium,7.91,142.99,7.79,48.67,1.17,39.95,310.22,0.06,471.47,11.46,75,8.68,2827.63
Aluminum,8.55,109.3,48.67,77.49,12.96,5.87,296.83,0.18,893.01,8.74,50,5.3,6075.14
Plastic,9.07,478.94,38.08,92.17,2.09,34.23,278.33,0.28,112.57,1.07,20,1.33,8188.94
Steel,20.47,9.39,48.4,61.49,8.98,17.79,323.84,0.25,989.1,13.38,59,11.92,5127.14
Brass,14.4,498.92,22.27,26.27,6.21,34.46,137.13,0.24,950.09,0.46,50,5.04,9251.53
Brass,9.16,340.03,14.28,34.19,11.14,24.41,51.48,0.32,96.71,11.23,20,4.96,4437
Copper,16.04,415.09,40.02,27.88,3.1,36.56,68.44,0.06,934.75,11.38,106,3.38,9941.96
Aluminum,18.47,150.84,16.65,32.22,13.99,37.42,120.05,0.22,375.87,14.3,116,4.6,5180.26
Steel,8.27,12.09,15.32,37.58,16,5.32,255.1,0.29,847.81,0.81,5,1.6,1691.43
Aluminum,11.51,370.25,12.01,59.96,3.69,7.64,421.82,0.21,430.02,8.95,72,13.81,6904.22
Steel,4.8,417.9,6.92,62.92,2.53,13.76,353.63,0.15,452.04,6.42,64,8.63,3662.32
Copper,6.17,371.54,13.19,48.38,3.34,28.43,396.63,0.09,641.56,4.96,75,11.67,4691.7
Copper,17.67,75.71,18.09,65.39,17.6,36.09,181.98,0.32,778.99,1.35,57,13.1,4757.87
Brass,6.17,377.95,33.86,17.34,10.8,21.1,208.28,0.19,53.11,8.44,77,19.48,4936.42
Aluminum,14.08,385.62,3.6,17.9,9.61,26.24,202.9,0.31,601.29,7.19,5,2.3,6812.21
Titanium,18.31,330.98,10.92,25.46,2.58,11.6,104.02,0.23,203,1.57,64,8.94,7262.43
Brass,4.46,384.23,40.55,56.63,13.17,33.17,40,0.25,359.03,9.19,85,5.67,5455.33
Aluminum,15.05,423.73,7.77,29.26,17.43,38.86,299.55,0.29,361.01,11.07,33,10.06,8767.63
Brass,7.9,308.73,17.46,35.5,16.65,14.4,494.72,0.25,479.68,11.51,55,18.49,5199.59
Titanium,24.15,48.86,43.3,46.03,12.71,22.32,91.75,0.17,347.45,13.58,74,14.76,5072.28
Plastic,13.12,246.38,8.17,83.07,1.97,8.01,32.88,0.2,125.21,6.14,2,13.58,4284.39
Plastic,20.54,43.44,4.6,11.25,2.69,24.57,391.97,0.29,162.72,14.3,41,9.38,1798.67
Plastic,14.66,206.73,24.48,68.44,1.46,22.6,133.77,0.16,52.77,12.98,61,13.75,6045.37
Plastic,3,206.52,15.47,70.2,5.52,10.06,416.53,0.17,480.84,4.45,5,1.62,2348.41
Steel,16.56,37.67,28.39,81.88,3.15,20.47,354.93,0.08,955.36,2.39,5,12.14,4072.23
Plastic,23.88,177.67,40.29,93.95,5.57,16.69,473.38,0.32,133.36,6.53,62,11.52,9397.1
Titanium,15.84,59.94,7.29,11.81,8.01,23.26,210.37,0.08,947.34,6.03,19,7.59,2387.49
Copper,20.84,405.08,29.24,23.84,18.89,25.5,334.37,0.24,738.69,8.64,20,4.83,11265.56
Copper,22.34,474.11,25.52,89.76,12.4,5.3,237.78,0.17,644.75,8.75,1,16.34,14576.29
Steel,7.25,40.8,7.63,51.27,16.78,31.64,318.99,0.17,652.37,11.25,89,2.02,2137.57
Plastic,6.88,477.78,31.39,60.81,14.35,29.96,230.3,0.25,830.19,7.65,94,2.32,6983.19
Plastic,16.05,263.68,14.05,69.67,2.69,17.82,102.43,0.07,124.78,1.57,89,9.37,6291.19
Plastic,11.45,153.29,24.65,71.12,14.85,6.85,258.87,0.23,514.66,12.87,55,5.8,4729.09
Brass,21.32,43.05,4.57,93.86,5.86,31.42,269.01,0.28,703.15,4.65,95,15.16,3792.24
Aluminum,22.7,252.81,23.25,99.73,12.96,38.43,407.2,0.3,595.08,14.57,9,13.05,10226.39
Brass,10.13,398.29,15.67,74.81,7.15,13.41,370.41,0.1,836.12,1.77,86,15.68,7595.89
Aluminum,7.45,355.01,41.21,35.85,19.95,16.32,335.26,0.32,90.83,14.37,69,7.17,5520.69
Plastic,19.95,29.86,3.32,89.18,5.64,11.43,65.56,0.25,696.89,1.37,22,15.07,2009.23
Plastic,8.32,41.09,21.22,14.43,5.94,25.19,363.1,0.31,543.35,3.47,91,17.38,3047.06
Brass,20.92,204.42,23.19,30.8,18.65,10.42,255.15,0.2,391.58,0.7,112,7.56,6504.32
Brass,11.75,151.17,36.39,90.76,0.98,17.47,448.11,0.21,353.47,10.58,29,7.46,5947.96
Aluminum,17.35,120.03,28.93,33.06,14.09,29.4,460.74,0.33,628.42,12.75,77,18.1,5892.88
Copper,4.2,144.1,33.53,29.86,14.64,24.6,37.03,0.32,893.18,6.51,36,1.95,2981.2
Aluminum,16.35,402.72,38.96,22.43,16.81,18.53,412.11,0.18,506.25,13.93,54,7.65,9680.58
Brass,12.39,464.97,43.18,87.32,19.5,19.71,28.47,0.13,828.23,8.85,95,3.25,11566.33
Titanium,15.49,205.53,16.04,55.01,19.52,24.67,189.91,0.17,414.11,9.45,48,1.55,5369.23
Brass,5.86,453.52,27.13,70.74,1.77,5.21,275.73,0.17,120.35,12.68,33,3.14,5193.86
Titanium,18.95,164.14,42.09,31.52,16.53,7.75,82.57,0.14,80.28,4.45,104,9.19,5751.25
Steel,21.84,240.84,49.48,78.22,13.1,35.84,375.69,0.13,70.31,5.31,43,14.05,10602.38
Brass,6.99,116.88,44.53,78.4,13.12,7.73,14.09,0.31,392.55,13.59,114,6.5,5658.51
Steel,4.2,322.04,18.89,38.13,3,29.74,92.61,0.07,350.49,13.51,21,17.14,3061.71
Copper,2.54,489.6,10.16,46.96,13.18,37.2,294.59,0.25,723.58,14.65,30,9.31,3469.71
Aluminum,16.77,303.73,24.72,28.87,19.66,14.47,360.05,0.1,747.97,13.53,6,19.4,7681.23
Titanium,15.96,182.12,37.21,97.89,18.28,17.97,459.16,0.15,69.84,1.91,104,19.13,9061.36
Aluminum,14.57,325.67,24.88,68.1,9.06,24.91,355.69,0.07,236.7,12.36,20,15.69,7826.91
Steel,7.33,65.85,24.42,94.11,1.28,35.86,339.17,0.13,288.78,6.15,15,18.72,3470.1
Titanium,10.99,444.89,41.99,37.3,7.56,37.97,203.23,0.28,556.66,14.86,19,14.43,8356.91
Aluminum,15.67,254.03,18.39,80.37,16.61,30.88,10.63,0.32,161.62,7.08,42,18.02,7175.26
Brass,13.43,227.43,43.06,78.93,14.18,8.03,68.88,0.12,151.26,8.31,43,5.49,7216.39
Plastic,24.72,295,20.64,72.25,9.46,28.42,271.93,0.19,944.91,7.95,46,7.56,10976.58
Steel,5.14,314.27,16.75,96.91,1.57,19.36,340.81,0.19,808.12,4.83,113,15.31,5949.91
Aluminum,17.99,40.53,22.97,45.42,8.82,21.47,214.55,0.31,197.04,1.13,18,9.07,2396.85
Steel,11.3,342.9,38.24,21.76,9.65,6.72,368.03,0.28,418.44,13.43,47,16.91,6608.36
Steel,11.85,124.76,6.74,70.45,18.61,11.69,265.71,0.2,368.51,12.04,95,17.68,4450.04
Titanium,18.5,358.41,10.22,75.64,13,32.67,46.35,0.25,795.18,2.09,78,6.69,9295.5
Titanium,17.93,412.15,47.6,61.76,6.58,20.89,104.09,0.3,520.01,11.65,68,16.65,13011.44
Plastic,24.8,402.96,9.19,28.61,10.74,15.56,421.6,0.05,145.29,9.39,10,3.93,11567.5
Brass,4.95,278.49,28.6,55.4,1.79,18.44,365.21,0.17,744.21,6.14,78,7.35,4460.21
Steel,4.39,262.48,29.18,38.1,19.47,34.9,448.43,0.32,408.95,3.81,28,10.84,3843.42
Aluminum,18.66,75.72,24.74,48.47,7.52,31.21,67.6,0.27,277.67,12.9,113,5.3,3923.87
Copper,15.3,388.8,32.41,68.07,9.82,14.53,495.21,0.21,387.99,10.5,44,12.01,9942.5
Steel,8.31,139.35,11.88,77.07,7.43,9.11,112.61,0.21,507.8,8.22,67,12,3571.91
Steel,3.83,250.86,27.86,30.9,13.81,13.82,15.77,0.15,356.25,9.14,112,4.93,3011.11
Plastic,3.97,145.72,18.92,46.48,13.41,37.23,498.74,0.21,257.07,1.37,35,16.12,2891.1
Brass,22.57,71.25,33.25,34.22,14.45,25.36,147.73,0.25,410.53,7.11,47,13,4285.18
Copper,6.41,316.63,7.49,27.88,5.73,23.67,337.33,0.18,38.79,2.91,86,7.04,3138.06
Titanium,9.44,31.89,28.76,80.5,6.66,25.87,96.57,0.26,777.05,3.13,14,5.41,3675.84
Titanium,7.21,375.58,9.67,91.83,2.94,17.81,294.31,0.31,187.53,9.92,109,17.7,6124.98
Aluminum,10.16,162.21,14.29,43.32,13.28,33.25,452.98,0.1,63.03,13.67,43,16.88,3768.11
Copper,3.6,5.07,11.33,77.62,1.28,23.32,166.89,0.19,660.62,6.06,66,5.37,1975.39
Titanium,13.94,258.01,9.55,90.73,12.15,9.09,338.42,0.17,778.46,3.12,95,1.68,5681.38
Aluminum,3.56,28.19,41.37,86.15,17.46,9.52,102.07,0.26,817.55,9.73,73,16.29,5873.62
Brass,20.41,141.7,14.64,26.45,17.87,23.79,316.15,0.12,503.64,13.07,39,12.69,5118.94
Aluminum,7.38,354.95,46.39,96.07,9.26,37.78,174.86,0.24,221.26,11.22,101,2.92,8278.12
Titanium,14.42,36.03,48.51,43.9,9.46,15.79,113.49,0.31,742.48,13.03,85,12.16,4677.47
Plastic,22.24,420.47,28.78,40.53,2,35.43,163.46,0.18,705.72,8.05,13,9.59,12201.15
Plastic,16.97,6.89,7.58,15.62,13.58,31.74,97.63,0.32,261.35,11.28,62,15.72,1946.77
Plastic,14.26,127.18,19.04,53.76,16.51,13.67,451.94,0.35,905.34,2.1,80,4.97,4562.07
Titanium,9.46,371.75,39.99,19.81,5.27,6.27,204.62,0.08,122.28,5.22,84,9.61,5471.46
Plastic,9.66,161.55,18.69,32.37,8.72,8.56,130.19,0.12,983.03,5.84,50,3.97,3528.5
Copper,17.4,55.44,4.81,38.52,16.86,30.5,229.72,0.34,863.04,7.67,111,19.19,4809.39
Brass,24.87,183.32,28.06,82.79,17.6,11.99,167.06,0.34,694.14,13.94,78,15.8,9712.17
Aluminum,17.22,138.84,42.33,88.79,5.24,17.99,374.77,0.08,939.97,13.11,57,15,8381.96
Aluminum,14.83,422.14,39.9,37.22,11.24,22.56,485.9,0.05,727.86,2.02,14,14.11,9075.14
Titanium,18.8,160.11,9.17,87.28,4.25,30.39,224.64,0.1,206.65,2.59,64,9.04,4825.22
Plastic,12.7,395.52,33.8,87.15,2.49,8.96,431.91,0.35,453.31,5.36,87,18.54,10477.78
Plastic,3.38,446.48,11.41,78.82,18.27,19.22,287.27,0.1,90.07,4.36,54,2.39,3073.24
Steel,14.93,219.74,11.3,23.2,16.5,21.98,87.05,0.2,401.86,9.22,118,16.26,6545.98
Brass,24.03,455.42,43.77,72.13,15.32,23.93,348.41,0.3,746.77,13.54,75,5.09,17182.31
Copper,6.03,191.77,12.86,95.05,1.45,33.64,261.58,0.06,398.71,14.43,9,7.16,3073.2
Aluminum,17.87,482.22,13.53,71.43,16.95,11.01,328.8,0.23,343.69,9.8,109,10.87,12218.98
Steel,6.62,49.2,0.53,39.85,9.04,33.27,445.95,0.13,603.45,12.57,105,15.87,3016.3
Steel,14.32,345.07,43.6,55.05,7.18,29.25,225.81,0.31,874.76,7.88,41,16.93,9579.87
Titanium,4.22,249.44,39.73,68.12,11.16,24.46,451.58,0.14,66.63,3.12,115,12.09,5585.06
Aluminum,12.36,196.89,31.55,55.95,2.28,29.48,377.83,0.26,397.76,7.87,94,8.66,5767.55
Titanium,19.39,318.19,37.64,20.8,15.25,19.42,249.42,0.25,175.08,8.33,10,18.98,8189.94
Copper,9.99,353.41,8.03,38.09,11.86,9.84,305.58,0.12,701.45,11.14,117,5.68,5749.12
Steel,17.29,7.16,23.19,82.22,4.14,28.3,169.53,0.06,123.61,3.3,15,16.26,2529.41
Steel,20.3,87.64,17.89,87.53,4.17,23.36,491.96,0.17,671.51,5.52,72,12.63,5205.12
Brass,23.33,357.96,5.14,22.36,4.09,27.38,337,0.14,300.46,5.46,110,8.16,10279.34
Copper,7.4,334.86,24.56,95.71,1.61,16.83,31.48,0.29,214.94,14.39,77,1.03,5515.66
Steel,11.18,483.19,46.08,39.59,11.96,36.74,170.04,0.29,937.63,6.66,18,9.49,9183.32
Copper,5.51,381.71,2.48,69.61,16.89,25.56,315.42,0.19,38.15,11.33,30,6.26,3231.74
Aluminum,24.83,475.63,14.93,77.66,0.84,7.99,37.6,0.23,449.02,11.26,72,2.98,14978.09
Plastic,23.32,352.76,10.77,83.08,1.46,20.74,21.7,0.23,41.19,3.98,99,2.43,9765.58
Steel,14.42,152.54,12.29,95.12,11.67,31.47,230.51,0.3,493.92,8.58,52,7.6,4882.91
Brass,21.37,57.16,45.47,38.16,16.48,32.79,173.02,0.18,511.03,13.41,102,12.68,5496.36
Aluminum,13.98,392,23.67,87.27,6.87,22.31,224.77,0.13,335.23,7.13,117,16.91,10432.77
Copper,16.34,323.85,23.58,21.85,7.32,36.32,138.72,0.13,149.52,14.18,89,4.49,7390.32
Titanium,4.05,28.85,38.15,73.45,12.13,14.37,90.71,0.21,388.86,3.22,7,9.07,3568.43
Aluminum,19.37,183.22,8.15,76.78,5.85,19.37,347.68,0.18,678.82,1.11,23,8.45,5263.19
Steel,4.94,478.62,24.62,71,1.02,36.45,262.14,0.18,786.75,13.37,7,10.75,5374.88
Copper,21,252.7,21.78,32.71,14.84,36.37,108.08,0.08,540.14,12.72,82,16.38,9125.81
Plastic,19.99,219.2,30.05,88.57,12.7,29,166.6,0.27,598.04,14.89,110,11.52,9974.31
Aluminum,18.3,231.56,49.98,25.2,11.82,35.06,299.99,0.11,216.6,10.19,47,17.09,7396.09
Steel,2.83,108.4,38.59,14.83,14.96,8.11,45.39,0.11,301.58,14.05,29,10.85,1664.71
Brass,8.97,187.51,20.19,74.57,13.67,35.27,82.25,0.17,178.66,12.4,57,12.47,4781.67
Titanium,8.05,188.06,41.46,52.79,4.51,16.22,45.89,0.12,264.31,12.67,85,9.31,5028.68
Copper,10.28,30.92,8.95,86.42,7.37,11.24,408.04,0.23,240.39,8.54,54,16.64,2434.1
Aluminum,4.02,384.95,2.01,44.51,2.96,13.38,378.68,0.16,529.06,5.74,72,18.55,3690.64
Aluminum,23.55,211.17,10.62,25.15,3.03,19.63,379.12,0.18,571.43,14.02,61,13.14,7438.06
Plastic,14.74,411.98,17.35,85.28,13.69,13.79,361,0.21,946.05,6.48,107,16.59,10931.47
Plastic,9.03,425.92,25.77,59.4,17.24,16.22,338,0.11,211.66,8.08,47,2.12,6315.67
Brass,11.13,109.94,30.95,27.03,19.27,9.72,243.73,0.1,648.84,6.69,3,18.22,3057.25
Titanium,12.29,330.39,45.57,74.83,12.75,15.37,324.72,0.31,820.91,8.47,36,4.59,9097.2
Brass,15.81,238.78,25.74,56,4.09,25.03,28.8,0.18,569.04,7.06,7,5.87,6200.76
Steel,13.86,440.68,25.31,64.39,2.56,20.46,314.52,0.17,269.9,0.72,0,2.01,8157.26
Steel,23.15,111.79,2.99,51.48,16.35,17.14,391.16,0.06,277.3,13.23,91,19.34,5425.2
Brass,13.43,340.52,2.23,84.58,11.79,31.13,255.18,0.2,58.47,6.67,69,17.19,6729.47
